group,bits,n,distribution,library,method,ns,payload_bytes,shallow_object_bytes,traced_result_bytes,traced_peak_bytes,loops
vector,1,4096,uniform,python-bytes,construct-from-list,12207.19514094526,4096,4129,4233,4233,256
vector,1,4096,uniform,python-bytes,get-scalar,36.74063009384554,4096,4129,56,56,65536
vector,1,4096,uniform,python-bytes,to-list,11522.867225721711,4096,4129,32880,32928,512
vector,1,4096,uniform,python-bytes,copy,302.14441437692585,4096,4129,4233,8386,16384
vector,1,4096,uniform,python-bytes,count,3211.466946595465,4096,4129,84,84,1024
vector,1,4096,uniform,python-bytes,gather-256,6627.603397646453,4096,4129,2256,2304,512
vector,1,4096,uniform,python-bytes,sum,10685.058896342525,4096,4129,84,104,512
vector,1,4096,uniform,python-bytes,equals,151.4295036031399,4096,4129,56,56,32768
vector,1,4096,uniform,python-bytes,slice-copy,102.51870463662272,4096,4129,2137,2137,32768
vector,1,4096,uniform,array-B,construct-from-list,51558.59253136441,4096,4176,4232,4232,64
vector,1,4096,uniform,array-B,get-scalar,39.03706158325804,4096,4176,56,56,65536
vector,1,4096,uniform,array-B,to-list,9512.613360129762,4096,4176,32880,32880,512
vector,1,4096,uniform,array-B,copy,141.39303772253697,4096,4176,4232,4232,32768
vector,1,4096,uniform,array-B,count,38703.774407622404,4096,4176,84,84,128
vector,1,4096,uniform,array-B,gather-256,6995.443527557654,4096,4176,2256,2304,512
vector,1,4096,uniform,array-B,sum,11550.616818567505,4096,4176,84,112,512
vector,1,4096,uniform,array-B,set-restore-pair,80.48248290037918,4096,4176,56,56,65536
vector,1,4096,uniform,array-B,equals,1329.3659435476002,4096,4176,56,56,4096
vector,1,4096,uniform,array-B,slice-copy,123.17401143491225,4096,4176,2184,2184,32768
vector,1,4096,uniform,numpy-u8,construct-from-list,63115.23247859441,4096,4208,4248,4248,64
vector,1,4096,uniform,numpy-u8,get-scalar,62.17131343078108,4096,4208,56,80,65536
vector,1,4096,uniform,numpy-u8,to-list,14574.38338547945,4096,4208,32880,32880,256
vector,1,4096,uniform,numpy-u8,copy,257.6395843334467,4096,4208,4248,4248,16384
vector,1,4096,uniform,numpy-u8,count,1055.521750004118,4096,4208,136,4345,4096
vector,1,4096,uniform,numpy-u8,gather-256,321.9375628304988,4096,4208,408,408,16384
vector,1,4096,uniform,numpy-u8,sum,2149.902343262511,4096,4208,572,34280,2048
vector,1,4096,uniform,numpy-u8,set-restore-pair,123.3037139058979,4096,4208,56,80,32768
vector,1,4096,uniform,numpy-u8,equals,1114.786869038653,4096,4208,208,4497,4096
vector,1,4096,uniform,numpy-u8,slice-copy,304.1203626708011,4096,4208,2200,2296,16384
vector,1,4096,uniform,tightarray-packed,construct-from-list,24590.164684923366,512,584,872,33680,128
vector,1,4096,uniform,tightarray-packed,get-scalar,38.70645315373622,512,584,56,56,65536
vector,1,4096,uniform,tightarray-packed,to-list,10813.39632946765,512,584,32880,32880,512
vector,1,4096,uniform,tightarray-packed,copy,53.89913937392521,512,584,640,640,65536
vector,1,4096,uniform,tightarray-packed,count,82.70201234950036,512,584,84,84,65536
vector,1,4096,uniform,tightarray-packed,gather-256,205.69611081100447,512,584,160,160,16384
vector,1,4096,uniform,tightarray-packed,sum,17975.586160901003,512,584,132,305,256
vector,1,4096,uniform,tightarray-packed,set-restore-pair,70.77026609181303,512,584,56,56,65536
vector,1,4096,uniform,tightarray-packed,equals,52.537920680606476,512,584,56,56,65536
vector,1,4096,uniform,tightarray-packed,slice-copy,83.62706083175908,512,584,384,456,65536
vector,1,4096,uniform,tightarray-aligned,construct-from-list,25439.78189351037,512,584,872,33680,128
vector,1,4096,uniform,tightarray-aligned,get-scalar,38.64350972548891,512,584,56,56,65536
vector,1,4096,uniform,tightarray-aligned,to-list,10781.00558515871,512,584,32880,32880,512
vector,1,4096,uniform,tightarray-aligned,copy,59.32743718517486,512,584,640,640,65536
vector,1,4096,uniform,tightarray-aligned,count,81.2784897163965,512,584,84,84,65536
vector,1,4096,uniform,tightarray-aligned,gather-256,282.61565887532925,512,584,160,160,16384
vector,1,4096,uniform,tightarray-aligned,sum,18015.46477508964,512,584,132,305,256
vector,1,4096,uniform,tightarray-aligned,set-restore-pair,71.41558810985771,512,584,56,56,65536
vector,1,4096,uniform,tightarray-aligned,equals,55.8020154528549,512,584,56,56,65536
vector,1,4096,uniform,tightarray-aligned,slice-copy,86.9356675536892,512,584,384,456,65536
vector,1,4096,uniform,tightarray-api,construct-from-list,522156.2460064888,512,80,1176,37296,8
vector,1,4096,uniform,tightarray-api,get-scalar,2823.6694333827472,512,80,640,5033,2048
vector,1,4096,uniform,tightarray-api,to-list,16016.277186281513,512,80,33160,37352,256
vector,1,4096,uniform,tightarray-api,copy,3515.951220833813,512,80,1176,8753,1024
vector,1,4096,uniform,tightarray-api,count,10121.743798663374,512,80,1136,39801,512
vector,1,4096,uniform,tightarray-api,gather-256,6821.939223300433,512,80,3024,5513,512
vector,1,4096,uniform,tightarray-api,sum,4998.2909331447445,512,80,900,38777,1024
vector,1,4096,uniform,tightarray-api,set-restore-pair,3389665.8569574356,512,80,848,161296,1
vector,1,4096,uniform,tightarray-api,equals,10686.52363755973,512,80,1168,13298,512
vector,1,4096,uniform,tightarray-api,slice-copy,5329.83403900289,512,80,1320,7301,1024
vector,1,4096,uniform,bitstring,construct-from-list,10150833.055377007,512,48,11068,11716,1
vector,1,4096,uniform,bitstring,get-scalar,1772.7251133692334,512,48,624,1017,2048
vector,1,4096,uniform,bitstring,to-list,5851624.999195337,512,48,43032,43585,1
vector,1,4096,uniform,bitstring,copy,2075.47998343216,512,48,1192,2028,2048
vector,1,4096,uniform,bitstring,count,6070207.804441452,512,48,10084,11281,1
vector,1,4096,uniform,bitstring,gather-256,453020.85345610976,512,48,12184,12745,8
vector,1,4096,uniform,bitstring,sum,6016582.949087024,512,48,10012,10801,1
vector,1,4096,uniform,bitstring,set-restore-pair,9104.412129090633,512,48,808,1201,512
vector,1,4096,uniform,bitstring,equals,323.93390370089037,512,48,56,120,16384
vector,1,4096,uniform,bitstring,slice-copy,2142.4765463962103,512,48,936,1520,2048
vector,1,4096,uniform,bitformat,construct-from-list,1457395.7305401564,512,48,1512,624587,4
vector,1,4096,uniform,bitformat,get-scalar,771.8405754530977,512,48,120,120,4096
vector,1,4096,uniform,bitformat,to-list,2208478.981629014,512,48,33104,33320,2
vector,1,4096,uniform,bitformat,copy,1993.916953324515,512,48,424,668,2048
vector,1,4096,uniform,bitformat,count,617223.9955049008,512,48,156,932,8
vector,1,4096,uniform,bitformat,gather-256,194359.38156675547,512,48,2320,2432,16
vector,1,4096,uniform,bitformat,sum,562583.2418445498,512,48,84,452,8
vector,1,4096,uniform,bitformat,set-restore-pair,1937.845695465512,512,48,120,232,2048
vector,1,4096,uniform,bitformat,equals,1126.3427950325422,512,48,104,104,4096
vector,1,4096,uniform,bitformat,slice-copy,1816.2231754104141,512,48,424,640,2048
vector,1,4096,uniform,blosc2-1thread,construct-from-list,441708.3691805601,822,64,5704,11496,8
vector,1,4096,uniform,blosc2-1thread,get-scalar,12951.171811437234,822,64,1216,2812,256
vector,1,4096,uniform,blosc2-1thread,to-list,27286.461772746406,822,64,34088,38336,128
vector,1,4096,uniform,blosc2-1thread,copy,31205.07790299598,822,64,5200,7192,128
vector,1,4096,uniform,blosc2-1thread,count,322515.6251573935,822,64,5168,74410,16
vector,1,4096,uniform,blosc2-1thread,gather-256,22550.617359229364,822,64,1104,1992,256
vector,1,4096,uniform,blosc2-1thread,sum,296117.1849165112,822,64,5588,74873,16
vector,1,4096,uniform,blosc2-1thread,set-restore-pair,716343.7257986516,822,64,1424,3020,8
vector,1,4096,uniform,blosc2-1thread,equals,339291.75697267056,822,64,5312,17309,8
vector,1,4096,uniform,blosc2-1thread,slice-copy,12930.016055179294,822,64,3520,4218,256
vector,1,4096,uniform,ml_dtypes-u1,construct-from-list,130606.7788391374,4096,4208,4248,4248,32
vector,1,4096,uniform,ml_dtypes-u1,get-scalar,65.13023365073423,4096,4208,56,80,65536
vector,1,4096,uniform,ml_dtypes-u1,to-list,12037.433407385834,4096,4208,32880,32880,256
vector,1,4096,uniform,ml_dtypes-u1,copy,372.2890653534705,4096,4208,4248,4401,16384
vector,1,4096,uniform,ml_dtypes-u1,count,1494.811954216857,4096,4208,136,8537,2048
vector,1,4096,uniform,ml_dtypes-u1,gather-256,406.76366097613936,4096,4208,408,561,8192
vector,1,4096,uniform,ml_dtypes-u1,sum,2358.8667090734816,4096,4208,572,34545,2048
vector,1,4096,uniform,ml_dtypes-u1,set-restore-pair,182.4900550673192,4096,4208,56,80,16384
vector,1,4096,uniform,ml_dtypes-u1,equals,2112.406264132005,4096,4208,208,12784,2048
vector,1,4096,uniform,ml_dtypes-u1,slice-copy,398.6104673003865,4096,4208,2200,2449,8192
vector,2,4096,uniform,python-bytes,construct-from-list,12211.585271870717,4096,4129,4233,4233,256
vector,2,4096,uniform,python-bytes,get-scalar,36.69102355274845,4096,4129,56,56,65536
vector,2,4096,uniform,python-bytes,to-list,11532.796634128317,4096,4129,32880,32928,512
vector,2,4096,uniform,python-bytes,copy,282.5622544833095,4096,4129,4233,8386,16384
vector,2,4096,uniform,python-bytes,count,3189.167955497396,4096,4129,84,84,1024
vector,2,4096,uniform,python-bytes,gather-256,6597.49412079691,4096,4129,2256,2304,512
vector,2,4096,uniform,python-bytes,sum,10706.461125664646,4096,4129,84,104,512
vector,2,4096,uniform,python-bytes,equals,151.5604850510499,4096,4129,56,56,32768
vector,2,4096,uniform,python-bytes,slice-copy,102.41317482950762,4096,4129,2137,2137,32768
vector,2,4096,uniform,array-B,construct-from-list,52039.70431466587,4096,4176,4232,4232,64
vector,2,4096,uniform,array-B,get-scalar,39.184570255201834,4096,4176,56,56,65536
vector,2,4096,uniform,array-B,to-list,9514.078101346968,4096,4176,32880,32880,512
vector,2,4096,uniform,array-B,copy,141.50872829077343,4096,4176,4232,4232,32768
vector,2,4096,uniform,array-B,count,33030.27187939733,4096,4176,84,84,128
vector,2,4096,uniform,array-B,gather-256,7006.512078078231,4096,4176,2256,2304,512
vector,2,4096,uniform,array-B,sum,11573.486062843585,4096,4176,84,112,512
vector,2,4096,uniform,array-B,set-restore-pair,80.4634083806377,4096,4176,56,56,65536
vector,2,4096,uniform,array-B,equals,1328.9489970702562,4096,4176,56,56,4096
vector,2,4096,uniform,array-B,slice-copy,123.27065945783033,4096,4176,2184,2184,32768
vector,2,4096,uniform,numpy-u8,construct-from-list,63090.5014986638,4096,4208,4248,4248,64
vector,2,4096,uniform,numpy-u8,get-scalar,62.28318838452651,4096,4208,56,80,65536
vector,2,4096,uniform,numpy-u8,to-list,14607.261618948542,4096,4208,32880,32880,256
vector,2,4096,uniform,numpy-u8,copy,258.01598724228825,4096,4208,4248,4248,16384
vector,2,4096,uniform,numpy-u8,count,1054.4128485889814,4096,4208,136,4345,4096
vector,2,4096,uniform,numpy-u8,gather-256,322.9420855177523,4096,4208,408,408,16384
vector,2,4096,uniform,numpy-u8,sum,2140.8895918284543,4096,4208,572,34280,2048
vector,2,4096,uniform,numpy-u8,set-restore-pair,123.71444313430402,4096,4208,56,80,32768
vector,2,4096,uniform,numpy-u8,equals,1112.1726402052445,4096,4208,208,4497,4096
vector,2,4096,uniform,numpy-u8,slice-copy,309.6745615494001,4096,4208,2200,2296,16384
vector,2,4096,uniform,tightarray-packed,construct-from-list,24643.883079988882,1024,1096,1384,34192,128
vector,2,4096,uniform,tightarray-packed,get-scalar,38.606000174468136,1024,1096,56,56,65536
vector,2,4096,uniform,tightarray-packed,to-list,10793.538876896491,1024,1096,32880,32880,512
vector,2,4096,uniform,tightarray-packed,copy,85.96675371563833,1024,1096,1152,1152,65536
vector,2,4096,uniform,tightarray-packed,count,98.0758656510261,1024,1096,84,84,32768
vector,2,4096,uniform,tightarray-packed,gather-256,256.54603064140247,1024,1096,192,192,16384
vector,2,4096,uniform,tightarray-packed,sum,18073.89435271034,1024,1096,132,305,256
vector,2,4096,uniform,tightarray-packed,set-restore-pair,70.7619918216551,1024,1096,56,56,65536
vector,2,4096,uniform,tightarray-packed,equals,65.01324278929133,1024,1096,56,56,65536
vector,2,4096,uniform,tightarray-packed,slice-copy,86.76147444930393,1024,1096,640,712,65536
vector,2,4096,uniform,tightarray-aligned,construct-from-list,24642.57886458654,1024,1096,1384,34192,128
vector,2,4096,uniform,tightarray-aligned,get-scalar,38.53733687719796,1024,1096,56,56,65536
vector,2,4096,uniform,tightarray-aligned,to-list,10785.156518977601,1024,1096,32880,32880,512
vector,2,4096,uniform,tightarray-aligned,copy,89.27154482307742,1024,1096,1152,1152,65536
vector,2,4096,uniform,tightarray-aligned,count,98.48913862242625,1024,1096,84,84,32768
vector,2,4096,uniform,tightarray-aligned,gather-256,269.79571998708707,1024,1096,192,192,16384
vector,2,4096,uniform,tightarray-aligned,sum,17981.769815378357,1024,1096,132,305,256
vector,2,4096,uniform,tightarray-aligned,set-restore-pair,70.87390230253732,1024,1096,56,56,65536
vector,2,4096,uniform,tightarray-aligned,equals,70.76263486283096,1024,1096,56,56,65536
vector,2,4096,uniform,tightarray-aligned,slice-copy,92.17261975891233,1024,1096,640,712,65536
vector,2,4096,uniform,tightarray-api,construct-from-list,522317.6267463714,1024,80,1688,37296,8
vector,2,4096,uniform,tightarray-api,get-scalar,2827.453613463149,1024,80,640,5033,2048
vector,2,4096,uniform,tightarray-api,to-list,16050.621525209863,1024,80,33160,37352,256
vector,2,4096,uniform,tightarray-api,copy,3597.493105189642,1024,80,1688,8753,1024
vector,2,4096,uniform,tightarray-api,count,10192.54477796494,1024,80,1136,39801,512
vector,2,4096,uniform,tightarray-api,gather-256,6893.636509630596,1024,80,3024,5513,512
vector,2,4096,uniform,tightarray-api,sum,5047.322247264674,1024,80,900,38777,1024
vector,2,4096,uniform,tightarray-api,set-restore-pair,3319875.104352832,1024,80,848,161200,1
vector,2,4096,uniform,tightarray-api,equals,10680.175819288706,1024,80,1168,13298,512
vector,2,4096,uniform,tightarray-api,slice-copy,5316.244141795323,1024,80,1576,7301,1024
vector,2,4096,uniform,bitstring,construct-from-list,10143875.144422054,1024,48,11428,12076,1
vector,2,4096,uniform,bitstring,get-scalar,1776.9980331650004,1024,48,624,1017,2048
vector,2,4096,uniform,bitstring,to-list,5905665.922909975,1024,48,43032,43585,1
vector,2,4096,uniform,bitstring,copy,2176.391603825323,1024,48,1704,3052,2048
vector,2,4096,uniform,bitstring,count,6149250.082671642,1024,48,10084,11281,1
vector,2,4096,uniform,bitstring,gather-256,459145.8709910512,1024,48,12184,12745,8
vector,2,4096,uniform,bitstring,sum,6109124.980866909,1024,48,10012,10801,1
vector,2,4096,uniform,bitstring,set-restore-pair,8981.607606983744,1024,48,808,1201,512
vector,2,4096,uniform,bitstring,equals,327.0263562171749,1024,48,56,120,16384
vector,2,4096,uniform,bitstring,slice-copy,2104.6141682745656,1024,48,1192,2032,2048
vector,2,4096,uniform,bitformat,construct-from-list,1442604.2907871306,1024,48,1512,624587,4
vector,2,4096,uniform,bitformat,get-scalar,757.7311862405622,1024,48,120,120,4096
vector,2,4096,uniform,bitformat,to-list,2229333.5059657693,1024,48,33104,33320,2
vector,2,4096,uniform,bitformat,copy,2216.9595013110666,1024,48,424,668,2048
vector,2,4096,uniform,bitformat,count,637374.9929480255,1024,48,156,932,8
vector,2,4096,uniform,bitformat,gather-256,196195.32395154238,1024,48,2320,2432,16
vector,2,4096,uniform,bitformat,sum,586776.1501576751,1024,48,84,452,8
vector,2,4096,uniform,bitformat,set-restore-pair,1954.8949694581097,1024,48,120,232,2048
vector,2,4096,uniform,bitformat,equals,1967.8955140989274,1024,48,104,104,2048
vector,2,4096,uniform,bitformat,slice-copy,1940.6328419790952,1024,48,424,640,2048
vector,2,4096,uniform,blosc2-1thread,construct-from-list,269302.0651349798,1414,64,5704,11496,16
vector,2,4096,uniform,blosc2-1thread,get-scalar,15889.81285749469,1414,64,1216,2812,256
vector,2,4096,uniform,blosc2-1thread,to-list,29746.741347480565,1414,64,34088,38336,128
vector,2,4096,uniform,blosc2-1thread,copy,31460.93695249874,1414,64,5200,7192,128
vector,2,4096,uniform,blosc2-1thread,count,331276.0672997683,1414,64,5168,74410,16
vector,2,4096,uniform,blosc2-1thread,gather-256,24830.078473314643,1414,64,1104,1992,128
vector,2,4096,uniform,blosc2-1thread,sum,328380.19251357764,1414,64,5588,74873,16
vector,2,4096,uniform,blosc2-1thread,set-restore-pair,353541.6763043031,1414,64,1424,3020,16
vector,2,4096,uniform,blosc2-1thread,equals,334127.6169521734,1414,64,5312,17309,16
vector,2,4096,uniform,blosc2-1thread,slice-copy,15034.015632409137,1414,64,3520,4218,256
vector,2,4096,uniform,ml_dtypes-u2,construct-from-list,130829.43769404665,4096,4208,4248,4248,32
vector,2,4096,uniform,ml_dtypes-u2,get-scalar,65.19253403780567,4096,4208,56,80,65536
vector,2,4096,uniform,ml_dtypes-u2,to-list,12030.273865093477,4096,4208,32880,32880,256
vector,2,4096,uniform,ml_dtypes-u2,copy,348.28948969334306,4096,4208,4248,4401,16384
vector,2,4096,uniform,ml_dtypes-u2,count,1552.8564745181939,4096,4208,136,8537,2048
vector,2,4096,uniform,ml_dtypes-u2,gather-256,402.9337219435547,4096,4208,408,561,8192
vector,2,4096,uniform,ml_dtypes-u2,sum,2348.6938971473137,4096,4208,572,34545,2048
vector,2,4096,uniform,ml_dtypes-u2,set-restore-pair,171.47702635611495,4096,4208,56,80,32768
vector,2,4096,uniform,ml_dtypes-u2,equals,2179.199213969696,4096,4208,208,12784,2048
vector,2,4096,uniform,ml_dtypes-u2,slice-copy,397.1201181229844,4096,4208,2200,2449,8192
vector,3,4096,uniform,python-bytes,construct-from-list,12200.031051179394,4096,4129,4233,4233,256
vector,3,4096,uniform,python-bytes,get-scalar,36.58039915421796,4096,4129,56,56,65536
vector,3,4096,uniform,python-bytes,to-list,11523.59982370399,4096,4129,32880,32928,512
vector,3,4096,uniform,python-bytes,copy,281.2067947388641,4096,4129,4233,8386,16384
vector,3,4096,uniform,python-bytes,count,3399.6991533058463,4096,4129,84,84,1024
vector,3,4096,uniform,python-bytes,gather-256,6613.525783905061,4096,4129,2256,2304,512
vector,3,4096,uniform,python-bytes,sum,10785.808626678772,4096,4129,84,104,512
vector,3,4096,uniform,python-bytes,equals,151.40661702162106,4096,4129,56,56,32768
vector,3,4096,uniform,python-bytes,slice-copy,102.64587757546906,4096,4129,2137,2137,32768
vector,3,4096,uniform,array-B,construct-from-list,50137.376092607155,4096,4176,4232,4232,64
vector,3,4096,uniform,array-B,get-scalar,38.9067373873786,4096,4176,56,56,65536
vector,3,4096,uniform,array-B,to-list,9523.843800707255,4096,4176,32880,32880,512
vector,3,4096,uniform,array-B,copy,141.8240955786132,4096,4176,4232,4232,32768
vector,3,4096,uniform,array-B,count,31225.58700852096,4096,4176,84,84,128
vector,3,4096,uniform,array-B,gather-256,6963.298801565543,4096,4176,2256,2304,512
vector,3,4096,uniform,array-B,sum,11540.201285242802,4096,4176,84,112,512
vector,3,4096,uniform,array-B,set-restore-pair,80.34453102823136,4096,4176,56,56,65536
vector,3,4096,uniform,array-B,equals,1328.2062809594208,4096,4176,56,56,4096
vector,3,4096,uniform,array-B,slice-copy,123.52752065680761,4096,4176,2184,2184,32768
vector,3,4096,uniform,numpy-u8,construct-from-list,63132.811192190275,4096,4208,4248,4248,64
vector,3,4096,uniform,numpy-u8,get-scalar,62.46504113960327,4096,4208,56,80,65536
vector,3,4096,uniform,numpy-u8,to-list,14576.336070604157,4096,4208,32880,32880,256
vector,3,4096,uniform,numpy-u8,copy,257.8506581585316,4096,4208,4248,4248,16384
vector,3,4096,uniform,numpy-u8,count,1059.3261663416342,4096,4208,136,4345,4096
vector,3,4096,uniform,numpy-u8,gather-256,323.6007728446566,4096,4208,408,408,16384
vector,3,4096,uniform,numpy-u8,sum,2156.4941334872856,4096,4208,572,34280,2048
vector,3,4096,uniform,numpy-u8,set-restore-pair,123.36987254002452,4096,4208,56,80,32768
vector,3,4096,uniform,numpy-u8,equals,1146.1891631370236,4096,4208,208,4497,4096
vector,3,4096,uniform,numpy-u8,slice-copy,312.5101954992715,4096,4208,2200,2296,16384
vector,3,4096,uniform,tightarray-packed,construct-from-list,25581.373847671784,1536,1608,1896,34704,128
vector,3,4096,uniform,tightarray-packed,get-scalar,38.61045883013503,1536,1608,56,56,65536
vector,3,4096,uniform,tightarray-packed,to-list,12856.121429649647,1536,1608,32880,32880,256
vector,3,4096,uniform,tightarray-packed,copy,85.526782100942,1536,1608,1664,1664,65536
vector,3,4096,uniform,tightarray-packed,count,248.4079573150666,1536,1608,84,84,16384
vector,3,4096,uniform,tightarray-packed,gather-256,352.89001232285955,1536,1608,224,224,16384
vector,3,4096,uniform,tightarray-packed,sum,20422.68715740647,1536,1608,132,305,256
vector,3,4096,uniform,tightarray-packed,set-restore-pair,70.84083719632872,1536,1608,56,56,65536
vector,3,4096,uniform,tightarray-packed,equals,78.3824916084086,1536,1608,56,56,65536
vector,3,4096,uniform,tightarray-packed,slice-copy,116.13592931780659,1536,1608,896,968,32768
vector,3,4096,uniform,tightarray-aligned,construct-from-list,24615.233996883035,1568,1640,1928,34736,128
vector,3,4096,uniform,tightarray-aligned,get-scalar,39.53488203478628,1568,1640,56,56,65536
vector,3,4096,uniform,tightarray-aligned,to-list,12247.07011715509,1568,1640,32880,32880,256
vector,3,4096,uniform,tightarray-aligned,copy,91.03202813776079,1568,1640,1696,1696,65536
vector,3,4096,uniform,tightarray-aligned,count,114.70666549939779,1568,1640,84,84,32768
vector,3,4096,uniform,tightarray-aligned,gather-256,324.91045942606434,1568,1640,232,232,16384
vector,3,4096,uniform,tightarray-aligned,sum,19348.144633113407,1568,1640,132,305,256
vector,3,4096,uniform,tightarray-aligned,set-restore-pair,71.92738138428467,1568,1640,56,56,65536
vector,3,4096,uniform,tightarray-aligned,equals,84.54194500018275,1568,1640,56,56,65536
vector,3,4096,uniform,tightarray-aligned,slice-copy,146.39663703519545,1568,1640,912,984,32768
vector,3,4096,uniform,tightarray-api,construct-from-list,523088.4999036789,1536,80,2200,37296,8
vector,3,4096,uniform,tightarray-api,get-scalar,3054.0361422026763,1536,80,640,5033,1024
vector,3,4096,uniform,tightarray-api,to-list,16321.777366101742,1536,80,33160,37352,256
vector,3,4096,uniform,tightarray-api,copy,4046.91513722355,1536,80,2200,8753,1024
vector,3,4096,uniform,tightarray-api,count,10353.51579048438,1536,80,1136,39801,512
vector,3,4096,uniform,tightarray-api,gather-256,7108.642421371769,1536,80,3024,5513,512
vector,3,4096,uniform,tightarray-api,sum,5221.638730290579,1536,80,900,38777,1024
vector,3,4096,uniform,tightarray-api,set-restore-pair,3310207.976028323,1536,80,848,161200,1
vector,3,4096,uniform,tightarray-api,equals,11109.701063105604,1536,80,1168,13298,512
vector,3,4096,uniform,tightarray-api,slice-copy,5664.8759709787555,1536,80,1832,7301,1024
vector,3,4096,uniform,bitstring,construct-from-list,10192542.104050517,1536,48,11928,12576,1
vector,3,4096,uniform,bitstring,get-scalar,1784.2406805357314,1536,48,624,1017,2048
vector,3,4096,uniform,bitstring,to-list,5927749.909460545,1536,48,43032,43585,1
vector,3,4096,uniform,bitstring,copy,2254.4350031239446,1536,48,2216,4076,2048
vector,3,4096,uniform,bitstring,count,6208583.9454084635,1536,48,10084,11281,1
vector,3,4096,uniform,bitstring,gather-256,457463.49496766925,1536,48,12184,12745,8
vector,3,4096,uniform,bitstring,sum,6099540.973082185,1536,48,10012,10801,1
vector,3,4096,uniform,bitstring,set-restore-pair,8960.44957698905,1536,48,808,1201,512
vector,3,4096,uniform,bitstring,equals,336.9191858837439,1536,48,56,120,16384
vector,3,4096,uniform,bitstring,slice-copy,2174.3979914390366,1536,48,1448,2544,2048
vector,3,4096,uniform,bitformat,construct-from-list,1447885.5300694704,1536,48,1512,624587,4
vector,3,4096,uniform,bitformat,get-scalar,758.0463829981454,1536,48,120,120,4096
vector,3,4096,uniform,bitformat,to-list,2229853.9988696575,1536,48,33104,33320,2
vector,3,4096,uniform,bitformat,copy,2458.353606016317,1536,48,424,668,2048
vector,3,4096,uniform,bitformat,count,633833.376923576,1536,48,156,932,8
vector,3,4096,uniform,bitformat,gather-256,195650.9950105101,1536,48,2320,2432,16
vector,3,4096,uniform,bitformat,sum,585057.3652423918,1536,48,84,452,8
vector,3,4096,uniform,bitformat,set-restore-pair,1986.89804165042,1536,48,120,232,2048
vector,3,4096,uniform,bitformat,equals,2760.4775141298887,1536,48,104,104,2048
vector,3,4096,uniform,bitformat,slice-copy,2104.532654811919,1536,48,424,640,2048
vector,3,4096,uniform,blosc2-1thread,construct-from-list,155632.81340291724,1864,64,5704,11496,32
vector,3,4096,uniform,blosc2-1thread,get-scalar,15555.339814454783,1864,64,1216,2812,256
vector,3,4096,uniform,blosc2-1thread,to-list,30037.110263947397,1864,64,34088,38336,128
vector,3,4096,uniform,blosc2-1thread,copy,31229.170417645946,1864,64,5200,7192,128
vector,3,4096,uniform,blosc2-1thread,count,331328.1195005402,1864,64,5168,74410,16
vector,3,4096,uniform,blosc2-1thread,gather-256,25298.828404629603,1864,64,1104,1992,128
vector,3,4096,uniform,blosc2-1thread,sum,310502.6262346655,1864,64,5588,74873,16
vector,3,4096,uniform,blosc2-1thread,set-restore-pair,163554.68687834218,1864,64,1424,3020,32
vector,3,4096,uniform,blosc2-1thread,equals,329200.57128649205,1864,64,5312,17309,16
vector,3,4096,uniform,blosc2-1thread,slice-copy,15419.27304060664,1864,64,3520,4218,256
vector,4,4096,uniform,python-bytes,construct-from-list,12614.257684617769,4096,4129,4233,4233,256
vector,4,4096,uniform,python-bytes,get-scalar,36.85569538447453,4096,4129,56,56,65536
vector,4,4096,uniform,python-bytes,to-list,11574.219115573214,4096,4129,32880,32928,512
vector,4,4096,uniform,python-bytes,copy,283.2794194773669,4096,4129,4233,8386,16384
vector,4,4096,uniform,python-bytes,count,3491.170900815632,4096,4129,56,56,1024
vector,4,4096,uniform,python-bytes,gather-256,6680.500064248918,4096,4129,2256,2304,512
vector,4,4096,uniform,python-bytes,sum,10744.384780991822,4096,4129,84,104,512
vector,4,4096,uniform,python-bytes,equals,151.48415855037456,4096,4129,56,56,32768
vector,4,4096,uniform,python-bytes,slice-copy,102.51998361354708,4096,4129,2137,2137,32768
vector,4,4096,uniform,array-B,construct-from-list,51042.97088109888,4096,4176,4232,4232,64
vector,4,4096,uniform,array-B,get-scalar,38.982392425168655,4096,4176,56,56,65536
vector,4,4096,uniform,array-B,to-list,9527.261681796517,4096,4176,32880,32880,512
vector,4,4096,uniform,array-B,copy,143.3423122421118,4096,4176,4232,4232,32768
vector,4,4096,uniform,array-B,count,31193.67829640396,4096,4176,56,56,128
vector,4,4096,uniform,array-B,gather-256,7163.5740823694505,4096,4176,2256,2304,512
vector,4,4096,uniform,array-B,sum,11536.865258676698,4096,4176,84,112,512
vector,4,4096,uniform,array-B,set-restore-pair,80.78574964542895,4096,4176,56,56,65536
vector,4,4096,uniform,array-B,equals,1328.7761362335004,4096,4176,56,56,4096
vector,4,4096,uniform,array-B,slice-copy,123.68774804372151,4096,4176,2184,2184,32768
vector,4,4096,uniform,numpy-u8,construct-from-list,63317.718741018325,4096,4208,4248,4248,64
vector,4,4096,uniform,numpy-u8,get-scalar,62.68182417557,4096,4208,56,80,65536
vector,4,4096,uniform,numpy-u8,to-list,14668.945368612185,4096,4208,32880,32880,256
vector,4,4096,uniform,numpy-u8,copy,258.160952171238,4096,4208,4248,4248,16384
vector,4,4096,uniform,numpy-u8,count,1043.4672503834008,4096,4208,104,4345,4096
vector,4,4096,uniform,numpy-u8,gather-256,322.2732516405813,4096,4208,408,408,16384
vector,4,4096,uniform,numpy-u8,sum,2153.238824575965,4096,4208,572,34280,2048
vector,4,4096,uniform,numpy-u8,set-restore-pair,123.80981218029774,4096,4208,56,80,32768
vector,4,4096,uniform,numpy-u8,equals,1113.5863928757317,4096,4208,208,4497,4096
vector,4,4096,uniform,numpy-u8,slice-copy,304.12543594593444,4096,4208,2200,2296,16384
vector,4,4096,uniform,tightarray-packed,construct-from-list,24641.929485369474,2048,2120,2408,35216,128
vector,4,4096,uniform,tightarray-packed,get-scalar,38.80946053413936,2048,2120,56,56,65536
vector,4,4096,uniform,tightarray-packed,to-list,10784.017831610981,2048,2120,32880,32880,512
vector,4,4096,uniform,tightarray-packed,copy,90.91248998061019,2048,2120,2176,2176,65536
vector,4,4096,uniform,tightarray-packed,count,123.03796381729626,2048,2120,56,56,32768
vector,4,4096,uniform,tightarray-packed,gather-256,256.3018739465406,2048,2120,256,256,16384
vector,4,4096,uniform,tightarray-packed,sum,18055.33975129947,2048,2120,132,305,256
vector,4,4096,uniform,tightarray-packed,set-restore-pair,71.84091188605635,2048,2120,56,56,65536
vector,4,4096,uniform,tightarray-packed,equals,101.70745667892334,2048,2120,56,56,32768
vector,4,4096,uniform,tightarray-packed,slice-copy,120.54443487841127,2048,2120,1152,1224,32768
vector,4,4096,uniform,tightarray-aligned,construct-from-list,24756.51490385644,2048,2120,2408,35216,128
vector,4,4096,uniform,tightarray-aligned,get-scalar,38.64607123205133,2048,2120,56,56,65536
vector,4,4096,uniform,tightarray-aligned,to-list,10816.000212798826,2048,2120,32880,32880,512
vector,4,4096,uniform,tightarray-aligned,copy,94.40612558364592,2048,2120,2176,2176,32768
vector,4,4096,uniform,tightarray-aligned,count,122.08047195372274,2048,2120,56,56,32768
vector,4,4096,uniform,tightarray-aligned,gather-256,252.22777821909403,2048,2120,256,256,16384
vector,4,4096,uniform,tightarray-aligned,sum,17979.3287315988,2048,2120,132,305,256
vector,4,4096,uniform,tightarray-aligned,set-restore-pair,71.6266619349426,2048,2120,56,56,65536
vector,4,4096,uniform,tightarray-aligned,equals,105.80062337339768,2048,2120,56,56,32768
vector,4,4096,uniform,tightarray-aligned,slice-copy,122.11481248414202,2048,2120,1152,1224,32768
vector,4,4096,uniform,tightarray-api,construct-from-list,522281.2760621309,2048,80,2712,37296,8
vector,4,4096,uniform,tightarray-api,get-scalar,2984.4152322766604,2048,80,640,5033,1024
vector,4,4096,uniform,tightarray-api,to-list,16195.472198887728,2048,80,33160,37352,256
vector,4,4096,uniform,tightarray-api,copy,3736.9384244811954,2048,80,2712,8753,1024
vector,4,4096,uniform,tightarray-api,count,10288.900284649571,2048,80,1104,39801,512
vector,4,4096,uniform,tightarray-api,gather-256,7067.056230880553,2048,80,3024,5513,512
vector,4,4096,uniform,tightarray-api,sum,5136.14941155538,2048,80,900,38777,1024
vector,4,4096,uniform,tightarray-api,set-restore-pair,3306374.8851418495,2048,80,848,161200,1
vector,4,4096,uniform,tightarray-api,equals,11030.517725885147,2048,80,1168,13298,512
vector,4,4096,uniform,tightarray-api,slice-copy,5508.951971933129,2048,80,2088,7301,1024
vector,4,4096,uniform,bitstring,construct-from-list,10243082.884699106,2048,48,12512,13160,1
vector,4,4096,uniform,bitstring,get-scalar,1799.5806729231845,2048,48,624,1017,2048
vector,4,4096,uniform,bitstring,to-list,6002957.932651043,2048,48,43032,43585,1
vector,4,4096,uniform,bitstring,copy,2189.859856116527,2048,48,2728,5100,2048
vector,4,4096,uniform,bitstring,count,6187666.207551956,2048,48,10056,11281,1
vector,4,4096,uniform,bitstring,gather-256,454812.51436285675,2048,48,12184,12745,8
vector,4,4096,uniform,bitstring,sum,6126333.959400654,2048,48,10012,10801,1
vector,4,4096,uniform,bitstring,set-restore-pair,9049.072104971856,2048,48,808,1201,512
vector,4,4096,uniform,bitstring,equals,362.5335693868692,2048,48,56,120,16384
vector,4,4096,uniform,bitstring,slice-copy,2191.650310123805,2048,48,1704,3056,2048
vector,4,4096,uniform,bitformat,construct-from-list,1455166.784580797,2048,48,1512,624587,4
vector,4,4096,uniform,bitformat,get-scalar,759.8877118653036,2048,48,120,120,4096
vector,4,4096,uniform,bitformat,to-list,2221125.061623752,2048,48,33104,33320,2
vector,4,4096,uniform,bitformat,copy,2648.844770192227,2048,48,424,668,2048
vector,4,4096,uniform,bitformat,count,626187.480520457,2048,48,128,932,8
vector,4,4096,uniform,bitformat,gather-256,196861.99084389955,2048,48,2320,2432,16
vector,4,4096,uniform,bitformat,sum,575807.2657044977,2048,48,84,452,8
vector,4,4096,uniform,bitformat,set-restore-pair,1971.6592305485392,2048,48,120,232,2048
vector,4,4096,uniform,bitformat,equals,3578.0028611043235,2048,48,104,104,1024
vector,4,4096,uniform,bitformat,slice-copy,2205.566374868795,2048,48,424,640,2048
vector,4,4096,uniform,blosc2-1thread,construct-from-list,143153.62204797566,2198,64,5704,11496,32
vector,4,4096,uniform,blosc2-1thread,get-scalar,12594.237887242343,2198,64,1216,2812,256
vector,4,4096,uniform,blosc2-1thread,to-list,27031.57952055335,2198,64,34088,38336,128
vector,4,4096,uniform,blosc2-1thread,copy,31204.74866591394,2198,64,5200,7192,128
vector,4,4096,uniform,blosc2-1thread,count,326276.07288304716,2198,64,5136,74412,16
vector,4,4096,uniform,blosc2-1thread,gather-256,22257.16434622882,2198,64,1104,1992,256
vector,4,4096,uniform,blosc2-1thread,sum,308778.68994139135,2198,64,5588,74873,16
vector,4,4096,uniform,blosc2-1thread,set-restore-pair,130786.46588837728,2198,64,1424,3020,32
vector,4,4096,uniform,blosc2-1thread,equals,323367.1886846423,2198,64,5312,17309,16
vector,4,4096,uniform,blosc2-1thread,slice-copy,12646.160030271858,2198,64,3520,4218,256
vector,4,4096,uniform,ml_dtypes-u4,construct-from-list,130673.19378023967,4096,4208,4248,4248,32
vector,4,4096,uniform,ml_dtypes-u4,get-scalar,65.07365313268565,4096,4208,56,80,65536
vector,4,4096,uniform,ml_dtypes-u4,to-list,12037.437954859342,4096,4208,32880,32880,256
vector,4,4096,uniform,ml_dtypes-u4,copy,348.2412012090208,4096,4208,4248,4401,16384
vector,4,4096,uniform,ml_dtypes-u4,count,1539.1234455819358,4096,4208,104,8537,2048
vector,4,4096,uniform,ml_dtypes-u4,gather-256,407.7759001575032,4096,4208,408,561,8192
vector,4,4096,uniform,ml_dtypes-u4,sum,2368.489731452428,4096,4208,572,34545,2048
vector,4,4096,uniform,ml_dtypes-u4,set-restore-pair,172.98254562092552,4096,4208,56,80,32768
vector,4,4096,uniform,ml_dtypes-u4,equals,2134.908186235407,4096,4208,208,12784,2048
vector,4,4096,uniform,ml_dtypes-u4,slice-copy,397.27783018861373,4096,4208,2200,2449,8192
vector,5,4096,uniform,python-bytes,construct-from-list,12192.546819278505,4096,4129,4233,4233,256
vector,5,4096,uniform,python-bytes,get-scalar,36.54162483712753,4096,4129,56,56,65536
vector,5,4096,uniform,python-bytes,to-list,11517.822258610977,4096,4129,32880,32928,512
vector,5,4096,uniform,python-bytes,copy,281.23217532538547,4096,4129,4233,8386,16384
vector,5,4096,uniform,python-bytes,count,3256.6329082328593,4096,4129,56,56,1024
vector,5,4096,uniform,python-bytes,gather-256,6563.638635270763,4096,4129,2256,2304,512
vector,5,4096,uniform,python-bytes,sum,10674.072200345108,4096,4129,84,104,512
vector,5,4096,uniform,python-bytes,equals,150.87891114262675,4096,4129,56,56,32768
vector,5,4096,uniform,python-bytes,slice-copy,102.56319882273601,4096,4129,2137,2137,32768
vector,5,4096,uniform,array-B,construct-from-list,52184.90696279332,4096,4176,4232,4232,64
vector,5,4096,uniform,array-B,get-scalar,39.057418632637564,4096,4176,56,56,65536
vector,5,4096,uniform,array-B,to-list,9847.899946180405,4096,4176,32880,32880,512
vector,5,4096,uniform,array-B,copy,141.43117965659258,4096,4176,4232,4232,32768
vector,5,4096,uniform,array-B,count,29876.63356179837,4096,4176,56,56,128
vector,5,4096,uniform,array-B,gather-256,7069.906132528558,4096,4176,2256,2304,512
vector,5,4096,uniform,array-B,sum,11559.48848463595,4096,4176,84,112,512
vector,5,4096,uniform,array-B,set-restore-pair,81.13734395465144,4096,4176,56,56,65536
vector,5,4096,uniform,array-B,equals,1329.2033713696583,4096,4176,56,56,4096
vector,5,4096,uniform,array-B,slice-copy,128.14587790899168,4096,4176,2184,2184,32768
vector,5,4096,uniform,numpy-u8,construct-from-list,66046.87587241642,4096,4208,4248,4248,64
vector,5,4096,uniform,numpy-u8,get-scalar,63.48610170903157,4096,4208,56,80,65536
vector,5,4096,uniform,numpy-u8,to-list,14711.101357534062,4096,4208,32880,32880,256
vector,5,4096,uniform,numpy-u8,copy,289.3931281278128,4096,4208,4248,4248,16384
vector,5,4096,uniform,numpy-u8,count,1055.145276041003,4096,4208,104,4345,4096
vector,5,4096,uniform,numpy-u8,gather-256,324.30517649117974,4096,4208,408,408,16384
vector,5,4096,uniform,numpy-u8,sum,2214.9253027237137,4096,4208,572,34280,2048
vector,5,4096,uniform,numpy-u8,set-restore-pair,127.35110743733458,4096,4208,56,80,32768
vector,5,4096,uniform,numpy-u8,equals,1131.0324339319777,4096,4208,208,4497,4096
vector,5,4096,uniform,numpy-u8,slice-copy,318.84509610335954,4096,4208,2200,2296,16384
vector,5,4096,uniform,tightarray-packed,construct-from-list,27728.186978492886,2560,2632,2920,35728,128
vector,5,4096,uniform,tightarray-packed,get-scalar,39.4643251411253,2560,2632,56,56,65536
vector,5,4096,uniform,tightarray-packed,to-list,13362.468052946497,2560,2632,32880,32880,256
vector,5,4096,uniform,tightarray-packed,copy,101.14413129258537,2560,2632,2688,2688,32768
vector,5,4096,uniform,tightarray-packed,count,248.50977808910102,2560,2632,56,56,16384
vector,5,4096,uniform,tightarray-packed,gather-256,361.92065522300254,2560,2632,288,288,16384
vector,5,4096,uniform,tightarray-packed,sum,22553.223061549943,2560,2632,132,305,256
vector,5,4096,uniform,tightarray-packed,set-restore-pair,73.66497811744921,2560,2632,56,56,65536
vector,5,4096,uniform,tightarray-packed,equals,120.26595896941217,2560,2632,56,56,32768
vector,5,4096,uniform,tightarray-packed,slice-copy,121.64053941887687,2560,2632,1408,1480,32768
vector,5,4096,uniform,tightarray-aligned,construct-from-list,25786.78868303541,2736,2808,3096,35904,128
vector,5,4096,uniform,tightarray-aligned,get-scalar,40.30163580637236,2736,2808,56,56,65536
vector,5,4096,uniform,tightarray-aligned,to-list,11625.081697275164,2736,2808,32880,32880,512
vector,5,4096,uniform,tightarray-aligned,copy,114.20949874718644,2736,2808,2864,2864,32768
vector,5,4096,uniform,tightarray-aligned,count,157.37408176619283,2736,2808,56,56,32768
vector,5,4096,uniform,tightarray-aligned,gather-256,296.58001210464136,2736,2808,304,304,16384
vector,5,4096,uniform,tightarray-aligned,sum,19079.918274655938,2736,2808,132,305,256
vector,5,4096,uniform,tightarray-aligned,set-restore-pair,74.37579441216258,2736,2808,56,56,65536
vector,5,4096,uniform,tightarray-aligned,equals,138.9427239928409,2736,2808,56,56,32768
vector,5,4096,uniform,tightarray-aligned,slice-copy,154.37188238820454,2736,2808,1496,1568,32768
vector,5,4096,uniform,tightarray-api,construct-from-list,547974.0211740136,2560,80,3224,37296,8
vector,5,4096,uniform,tightarray-api,get-scalar,3225.097771064611,2560,80,640,5033,1024
vector,5,4096,uniform,tightarray-api,to-list,17028.808542818297,2560,80,33160,37352,256
vector,5,4096,uniform,tightarray-api,copy,4219.076117806253,2560,80,3224,8753,1024
vector,5,4096,uniform,tightarray-api,count,10860.920156119391,2560,80,1104,39801,512
vector,5,4096,uniform,tightarray-api,gather-256,7481.363354600035,2560,80,3024,5513,512
vector,5,4096,uniform,tightarray-api,sum,5483.15415471734,2560,80,900,38777,1024
vector,5,4096,uniform,tightarray-api,set-restore-pair,3470374.969765544,2560,80,848,161200,1
vector,5,4096,uniform,tightarray-api,equals,11689.046914398205,2560,80,1168,13298,512
vector,5,4096,uniform,tightarray-api,slice-copy,6013.345682731597,2560,80,2344,7301,512
vector,5,4096,uniform,bitstring,construct-from-list,10391874.937340617,2560,48,12956,13604,1
vector,5,4096,uniform,bitstring,get-scalar,1786.987240848248,2560,48,624,1017,2048
vector,5,4096,uniform,bitstring,to-list,6081540.836021304,2560,48,43032,43585,1
vector,5,4096,uniform,bitstring,copy,2253.1538661496597,2560,48,3240,6124,2048
vector,5,4096,uniform,bitstring,count,6460209.144279361,2560,48,10056,11281,1
vector,5,4096,uniform,bitstring,gather-256,470536.4990513772,2560,48,12184,12745,8
vector,5,4096,uniform,bitstring,sum,6298459.134995937,2560,48,10012,10801,1
vector,5,4096,uniform,bitstring,set-restore-pair,9254.150427295826,2560,48,808,1201,512
vector,5,4096,uniform,bitstring,equals,390.0705678461236,2560,48,56,120,8192
vector,5,4096,uniform,bitstring,slice-copy,2237.365720247908,2560,48,1960,3568,2048
vector,5,4096,uniform,bitformat,construct-from-list,1466552.0284324884,2560,48,1512,624587,4
vector,5,4096,uniform,bitformat,get-scalar,758.9924280182458,2560,48,120,120,4096
vector,5,4096,uniform,bitformat,to-list,2335603.9309874177,2560,48,33104,33320,2
vector,5,4096,uniform,bitformat,copy,2991.902192661655,2560,48,424,668,1024
vector,5,4096,uniform,bitformat,count,649031.25166893,2560,48,128,932,8
vector,5,4096,uniform,bitformat,gather-256,202380.17896190286,2560,48,2320,2432,16
vector,5,4096,uniform,bitformat,sum,599963.5031912476,2560,48,84,452,8
vector,5,4096,uniform,bitformat,set-restore-pair,2006.1645500391023,2560,48,120,232,2048
vector,5,4096,uniform,bitformat,equals,4514.322426985018,2560,48,104,104,1024
vector,5,4096,uniform,bitformat,slice-copy,2441.121523588663,2560,48,424,640,2048
vector,5,4096,uniform,blosc2-1thread,construct-from-list,111367.18967463821,2674,64,5704,11496,32
vector,5,4096,uniform,blosc2-1thread,get-scalar,13661.785487784073,2674,64,1216,2812,256
vector,5,4096,uniform,blosc2-1thread,to-list,28306.96939781774,2674,64,34088,38336,128
vector,5,4096,uniform,blosc2-1thread,copy,32015.625038184226,2674,64,5200,7192,128
vector,5,4096,uniform,blosc2-1thread,count,343713.560141623,2674,64,5136,74412,16
vector,5,4096,uniform,blosc2-1thread,gather-256,23436.203264282085,2674,64,1104,1992,128
vector,5,4096,uniform,blosc2-1thread,sum,333200.55808871984,2674,64,5588,74873,16
vector,5,4096,uniform,blosc2-1thread,set-restore-pair,71020.82963683642,2674,64,1424,3020,64
vector,5,4096,uniform,blosc2-1thread,equals,339486.94181162864,2674,64,5312,17309,16
vector,5,4096,uniform,blosc2-1thread,slice-copy,13428.058082354255,2674,64,3520,4218,256
vector,6,4096,uniform,python-bytes,construct-from-list,12797.690942534246,4096,4129,4233,4233,256
vector,6,4096,uniform,python-bytes,get-scalar,37.49148547171899,4096,4129,56,56,65536
vector,6,4096,uniform,python-bytes,to-list,11907.63487102231,4096,4129,32880,32928,512
vector,6,4096,uniform,python-bytes,copy,296.6105370205696,4096,4129,4233,8386,16384
vector,6,4096,uniform,python-bytes,count,3142.9042337549618,4096,4129,56,56,1024
vector,6,4096,uniform,python-bytes,gather-256,6754.150035703788,4096,4129,2256,2304,512
vector,6,4096,uniform,python-bytes,sum,10735.43171514757,4096,4129,84,104,512
vector,6,4096,uniform,python-bytes,equals,156.11905013201977,4096,4129,56,56,32768
vector,6,4096,uniform,python-bytes,slice-copy,102.68020389503363,4096,4129,2137,2137,32768
vector,6,4096,uniform,array-B,construct-from-list,52009.763749083504,4096,4176,4232,4232,64
vector,6,4096,uniform,array-B,get-scalar,39.10636792170408,4096,4176,56,56,65536
vector,6,4096,uniform,array-B,to-list,9516.35729506961,4096,4176,32880,32880,512
vector,6,4096,uniform,array-B,copy,141.32052683635266,4096,4176,4232,4232,32768
vector,6,4096,uniform,array-B,count,29758.139135083184,4096,4176,56,56,128
vector,6,4096,uniform,array-B,gather-256,6977.703378652222,4096,4176,2256,2304,512
vector,6,4096,uniform,array-B,sum,11539.144452399341,4096,4176,84,112,512
vector,6,4096,uniform,array-B,set-restore-pair,81.45141450199844,4096,4176,56,56,65536
vector,6,4096,uniform,array-B,equals,1330.0780778990884,4096,4176,56,56,4096
vector,6,4096,uniform,array-B,slice-copy,124.90719569768771,4096,4176,2184,2184,32768
vector,6,4096,uniform,numpy-u8,construct-from-list,63225.92162177898,4096,4208,4248,4248,64
vector,6,4096,uniform,numpy-u8,get-scalar,62.40844641069998,4096,4208,56,80,65536
vector,6,4096,uniform,numpy-u8,to-list,14578.125046682544,4096,4208,32880,32880,256
vector,6,4096,uniform,numpy-u8,copy,258.6364757917181,4096,4208,4248,4248,16384
vector,6,4096,uniform,numpy-u8,count,1054.422853030701,4096,4208,104,4345,4096
vector,6,4096,uniform,numpy-u8,gather-256,323.4888907854838,4096,4208,408,408,16384
vector,6,4096,uniform,numpy-u8,sum,2149.780243598798,4096,4208,572,34280,2048
vector,6,4096,uniform,numpy-u8,set-restore-pair,123.63433654627443,4096,4208,56,80,32768
vector,6,4096,uniform,numpy-u8,equals,1112.3862009299046,4096,4208,208,4497,4096
vector,6,4096,uniform,numpy-u8,slice-copy,304.16107676956017,4096,4208,2200,2296,16384
vector,6,4096,uniform,tightarray-packed,construct-from-list,26533.523850957863,3072,3144,3432,36240,128
vector,6,4096,uniform,tightarray-packed,get-scalar,38.8997491995724,3072,3144,56,56,65536
vector,6,4096,uniform,tightarray-packed,to-list,13824.383131577633,3072,3144,32880,32880,256
vector,6,4096,uniform,tightarray-packed,copy,104.59137200768964,3072,3144,3200,3200,32768
vector,6,4096,uniform,tightarray-packed,count,249.07171791710425,3072,3144,56,56,16384
vector,6,4096,uniform,tightarray-packed,gather-256,375.2746522422967,3072,3144,320,320,8192
vector,6,4096,uniform,tightarray-packed,sum,22441.24152639415,3072,3144,132,305,256
vector,6,4096,uniform,tightarray-packed,set-restore-pair,74.8786952442515,3072,3144,56,56,65536
vector,6,4096,uniform,tightarray-packed,equals,138.4773256063454,3072,3144,56,56,32768
vector,6,4096,uniform,tightarray-packed,slice-copy,127.48593292144506,3072,3144,1664,1736,32768
vector,6,4096,uniform,tightarray-aligned,construct-from-list,25839.515728875995,3280,3352,3640,36448,128
vector,6,4096,uniform,tightarray-aligned,get-scalar,41.05885409444454,3280,3352,56,56,65536
vector,6,4096,uniform,tightarray-aligned,to-list,12311.195860092994,3280,3352,32880,32880,256
vector,6,4096,uniform,tightarray-aligned,copy,124.20654371680939,3280,3352,3408,3408,32768
vector,6,4096,uniform,tightarray-aligned,count,179.59976617021312,3280,3352,56,56,32768
vector,6,4096,uniform,tightarray-aligned,gather-256,313.0569439235842,3280,3352,336,336,16384
vector,6,4096,uniform,tightarray-aligned,sum,19336.262084834743,3280,3352,132,305,256
vector,6,4096,uniform,tightarray-aligned,set-restore-pair,76.59086520561686,3280,3352,56,56,65536
vector,6,4096,uniform,tightarray-aligned,equals,163.1088224485211,3280,3352,56,56,32768
vector,6,4096,uniform,tightarray-aligned,slice-copy,164.14135473041824,3280,3352,1768,1840,32768
vector,6,4096,uniform,tightarray-api,construct-from-list,551510.3694051504,3072,80,3736,37296,8
vector,6,4096,uniform,tightarray-api,get-scalar,3369.384785401053,3072,80,640,5033,1024
vector,6,4096,uniform,tightarray-api,to-list,16829.101696202997,3072,80,33160,37352,256
vector,6,4096,uniform,tightarray-api,copy,4257.121190676116,3072,80,3736,8753,1024
vector,6,4096,uniform,tightarray-api,count,11113.525488326559,3072,80,1104,39801,512
vector,6,4096,uniform,tightarray-api,gather-256,7370.687853835989,3072,80,3024,5513,512
vector,6,4096,uniform,tightarray-api,sum,5678.833076672163,3072,80,900,38777,1024
vector,6,4096,uniform,tightarray-api,set-restore-pair,3497082.9728990793,3072,80,848,161200,1
vector,6,4096,uniform,tightarray-api,equals,12041.90994030796,3072,80,1168,13298,512
vector,6,4096,uniform,tightarray-api,slice-copy,5809.855565530597,3072,80,2600,7301,1024
vector,6,4096,uniform,bitstring,construct-from-list,10801583.06285739,3072,48,13488,14136,1
vector,6,4096,uniform,bitstring,get-scalar,1857.9306697574793,3072,48,624,1017,2048
vector,6,4096,uniform,bitstring,to-list,6099625.024944544,3072,48,43032,43585,1
vector,6,4096,uniform,bitstring,copy,2262.268026242964,3072,48,3752,7148,2048
vector,6,4096,uniform,bitstring,count,6436790.805310011,3072,48,10056,11281,1
vector,6,4096,uniform,bitstring,gather-256,469171.87864892185,3072,48,12184,12745,8
vector,6,4096,uniform,bitstring,sum,6292917.067185044,3072,48,10012,10801,1
vector,6,4096,uniform,bitstring,set-restore-pair,9034.503818838857,3072,48,808,1201,512
vector,6,4096,uniform,bitstring,equals,406.21435459797794,3072,48,56,120,8192
vector,6,4096,uniform,bitstring,slice-copy,2257.934625049529,3072,48,2216,4080,2048
vector,6,4096,uniform,bitformat,construct-from-list,1457052.0143024623,3072,48,1512,624587,4
vector,6,4096,uniform,bitformat,get-scalar,781.3620186425396,3072,48,120,120,4096
vector,6,4096,uniform,bitformat,to-list,2251083.4969580173,3072,48,33104,33320,2
vector,6,4096,uniform,bitformat,copy,3141.8458092957735,3072,48,424,668,1024
vector,6,4096,uniform,bitformat,count,653989.6130561829,3072,48,128,932,8
vector,6,4096,uniform,bitformat,gather-256,202403.62209733576,3072,48,2320,2432,16
vector,6,4096,uniform,bitformat,sum,584093.7665197998,3072,48,84,452,8
vector,6,4096,uniform,bitformat,set-restore-pair,2035.2783849375555,3072,48,120,232,2048
vector,6,4096,uniform,bitformat,equals,5514.526492333971,3072,48,104,104,1024
vector,6,4096,uniform,bitformat,slice-copy,2564.6767198850284,3072,48,424,640,2048
vector,6,4096,uniform,blosc2-1thread,construct-from-list,121371.10024923459,3202,64,5704,11496,32
vector,6,4096,uniform,blosc2-1thread,get-scalar,13678.874893230386,3202,64,1216,2812,256
vector,6,4096,uniform,blosc2-1thread,to-list,27699.217753252015,3202,64,34088,38336,128
vector,6,4096,uniform,blosc2-1thread,copy,32482.42319386918,3202,64,5200,7192,128
vector,6,4096,uniform,blosc2-1thread,count,349528.62188220024,3202,64,5136,74412,16
vector,6,4096,uniform,blosc2-1thread,gather-256,23013.18363606697,3202,64,1104,1992,256
vector,6,4096,uniform,blosc2-1thread,sum,330023.4384369105,3202,64,5588,74873,16
vector,6,4096,uniform,blosc2-1thread,set-restore-pair,73768.88970611617,3202,64,1424,3020,64
vector,6,4096,uniform,blosc2-1thread,equals,338859.3904674053,3202,64,5312,17309,8
vector,6,4096,uniform,blosc2-1thread,slice-copy,13625.81315333955,3202,64,3520,4218,256
vector,7,4096,uniform,python-bytes,construct-from-list,12198.894182802178,4096,4129,4233,4233,256
vector,7,4096,uniform,python-bytes,get-scalar,36.69738646294718,4096,4129,56,56,65536
vector,7,4096,uniform,python-bytes,to-list,11527.83215729869,4096,4129,32880,32928,512
vector,7,4096,uniform,python-bytes,copy,281.9951134824805,4096,4129,4233,8386,16384
vector,7,4096,uniform,python-bytes,count,2799.906269501662,4096,4129,56,56,2048
vector,7,4096,uniform,python-bytes,gather-256,6567.056516360026,4096,4129,2256,2304,512
vector,7,4096,uniform,python-bytes,sum,10740.316156443441,4096,4129,84,104,512
vector,7,4096,uniform,python-bytes,equals,151.9877272926351,4096,4129,56,56,32768
vector,7,4096,uniform,python-bytes,slice-copy,102.70437655890419,4096,4129,2137,2137,32768
vector,7,4096,uniform,array-B,construct-from-list,51214.84355186112,4096,4176,4232,4232,64
vector,7,4096,uniform,array-B,get-scalar,38.97158862287142,4096,4176,56,56,65536
vector,7,4096,uniform,array-B,to-list,9530.273473501438,4096,4176,32880,32880,512
vector,7,4096,uniform,array-B,copy,147.91869773489452,4096,4176,4232,4232,32768
vector,7,4096,uniform,array-B,count,29446.617190842517,4096,4176,56,56,128
vector,7,4096,uniform,array-B,gather-256,6965.170086914441,4096,4176,2256,2304,512
vector,7,4096,uniform,array-B,sum,11539.388651726767,4096,4176,84,112,512
vector,7,4096,uniform,array-B,set-restore-pair,80.5009143789448,4096,4176,56,56,65536
vector,7,4096,uniform,array-B,equals,1342.9768159767264,4096,4176,56,56,4096
vector,7,4096,uniform,array-B,slice-copy,123.79074121326994,4096,4176,2184,2184,32768
vector,7,4096,uniform,numpy-u8,construct-from-list,63169.92221400142,4096,4208,4248,4248,64
vector,7,4096,uniform,numpy-u8,get-scalar,62.20118820010612,4096,4208,56,80,65536
vector,7,4096,uniform,numpy-u8,to-list,14642.901987826917,4096,4208,32880,32880,256
vector,7,4096,uniform,numpy-u8,copy,287.6688824926532,4096,4208,4248,4248,16384
vector,7,4096,uniform,numpy-u8,count,1048.9604278518527,4096,4208,104,4345,4096
vector,7,4096,uniform,numpy-u8,gather-256,321.98333599353646,4096,4208,408,408,16384
vector,7,4096,uniform,numpy-u8,sum,2154.052708647214,4096,4208,572,34280,2048
vector,7,4096,uniform,numpy-u8,set-restore-pair,123.26687226504873,4096,4208,56,80,32768
vector,7,4096,uniform,numpy-u8,equals,1113.3323027934239,4096,4208,208,4497,4096
vector,7,4096,uniform,numpy-u8,slice-copy,308.6471451752004,4096,4208,2200,2296,16384
vector,7,4096,uniform,tightarray-packed,construct-from-list,27507.483537192456,3584,3656,3944,36752,128
vector,7,4096,uniform,tightarray-packed,get-scalar,38.71472387118047,3584,3656,56,56,65536
vector,7,4096,uniform,tightarray-packed,to-list,13096.190741634928,3584,3656,32880,32880,256
vector,7,4096,uniform,tightarray-packed,copy,113.38424599216523,3584,3656,3712,3712,32768
vector,7,4096,uniform,tightarray-packed,count,240.03094267754932,3584,3656,56,56,16384
vector,7,4096,uniform,tightarray-packed,gather-256,347.36383724975894,3584,3656,352,352,16384
vector,7,4096,uniform,tightarray-packed,sum,22797.85167047521,3584,3656,132,305,256
vector,7,4096,uniform,tightarray-packed,set-restore-pair,71.20323175513477,3584,3656,56,56,65536
vector,7,4096,uniform,tightarray-packed,equals,150.5203215401707,3584,3656,56,56,32768
vector,7,4096,uniform,tightarray-packed,slice-copy,122.25976320223708,3584,3656,1920,1992,32768
vector,7,4096,uniform,tightarray-aligned,construct-from-list,24699.87521180883,3648,3720,4008,36816,128
vector,7,4096,uniform,tightarray-aligned,get-scalar,38.8972019038647,3648,3720,56,56,65536
vector,7,4096,uniform,tightarray-aligned,to-list,12149.738722655457,3648,3720,32880,32880,256
vector,7,4096,uniform,tightarray-aligned,copy,138.3667012078149,3648,3720,3776,3776,32768
vector,7,4096,uniform,tightarray-aligned,count,182.45825827989393,3648,3720,56,56,32768
vector,7,4096,uniform,tightarray-aligned,gather-256,314.1632021197438,3648,3720,360,360,16384
vector,7,4096,uniform,tightarray-aligned,sum,19235.187210142612,3648,3720,132,305,256
vector,7,4096,uniform,tightarray-aligned,set-restore-pair,71.58532611128976,3648,3720,56,56,65536
vector,7,4096,uniform,tightarray-aligned,equals,160.70303132664776,3648,3720,56,56,32768
vector,7,4096,uniform,tightarray-aligned,slice-copy,156.2423719292383,3648,3720,1952,2024,32768
vector,7,4096,uniform,tightarray-api,construct-from-list,522932.3578532785,3584,80,4248,37296,8
vector,7,4096,uniform,tightarray-api,get-scalar,3246.5820822835667,3584,80,640,5033,1024
vector,7,4096,uniform,tightarray-api,to-list,16469.238289573696,3584,80,33160,37352,256
vector,7,4096,uniform,tightarray-api,copy,4216.511797494604,3584,80,4248,8753,1024
vector,7,4096,uniform,tightarray-api,count,10663.980447134236,3584,80,1104,39801,512
vector,7,4096,uniform,tightarray-api,gather-256,7386.068318737671,3584,80,3024,5513,512
vector,7,4096,uniform,tightarray-api,sum,5458.781288325554,3584,80,900,38777,1024
vector,7,4096,uniform,tightarray-api,set-restore-pair,3334000.0081807375,3584,80,848,161200,1
vector,7,4096,uniform,tightarray-api,equals,11538.57419922133,3584,80,1168,13298,512
vector,7,4096,uniform,tightarray-api,slice-copy,5924.722245254088,3584,80,2856,7301,512
vector,7,4096,uniform,bitstring,construct-from-list,10218125.069513917,3584,48,14124,14772,1
vector,7,4096,uniform,bitstring,get-scalar,1791.9511492436868,3584,48,624,1017,2048
vector,7,4096,uniform,bitstring,to-list,6022624.904289842,3584,48,43032,43585,1
vector,7,4096,uniform,bitstring,copy,2285.746631969232,3584,48,4264,8172,2048
vector,7,4096,uniform,bitstring,count,6327582.988888025,3584,48,10056,11281,1
vector,7,4096,uniform,bitstring,gather-256,462182.39003792405,3584,48,12184,12745,8
vector,7,4096,uniform,bitstring,sum,6413540.802896023,3584,48,10012,10801,1
vector,7,4096,uniform,bitstring,set-restore-pair,9038.656116899801,3584,48,808,1201,512
vector,7,4096,uniform,bitstring,equals,411.52952690026723,3584,48,56,120,8192
vector,7,4096,uniform,bitstring,slice-copy,2228.861262665305,3584,48,2472,4592,2048
vector,7,4096,uniform,bitformat,construct-from-list,1473437.4708496034,3584,48,1512,624587,4
vector,7,4096,uniform,bitformat,get-scalar,763.4990311089496,3584,48,120,120,4096
vector,7,4096,uniform,bitformat,to-list,2175770.467147231,3584,48,33104,33320,2
vector,7,4096,uniform,bitformat,copy,3326.5791898884345,3584,48,424,668,1024
vector,7,4096,uniform,bitformat,count,619119.8481246829,3584,48,128,932,8
vector,7,4096,uniform,bitformat,gather-256,193536.44165676087,3584,48,2320,2432,16
vector,7,4096,uniform,bitformat,sum,569182.2443623096,3584,48,84,452,8
vector,7,4096,uniform,bitformat,set-restore-pair,1973.9175058930414,3584,48,120,232,2048
vector,7,4096,uniform,bitformat,equals,6016.357474436518,3584,48,104,104,512
vector,7,4096,uniform,bitformat,slice-copy,2570.1293679958326,3584,48,424,640,2048
vector,7,4096,uniform,blosc2-1thread,construct-from-list,111760.40425198153,3691,64,5704,11496,32
vector,7,4096,uniform,blosc2-1thread,get-scalar,13826.495887769852,3691,64,1216,2812,256
vector,7,4096,uniform,blosc2-1thread,to-list,28330.405257293023,3691,64,34088,38336,128
vector,7,4096,uniform,blosc2-1thread,copy,31298.828616854735,3691,64,5200,7192,128
vector,7,4096,uniform,blosc2-1thread,count,328044.24699861556,3691,64,5136,74414,16
vector,7,4096,uniform,blosc2-1thread,gather-256,23809.89826633595,3691,64,1104,1992,128
vector,7,4096,uniform,blosc2-1thread,sum,319546.8889316544,3691,64,5588,74873,16
vector,7,4096,uniform,blosc2-1thread,set-restore-pair,74617.18996637501,3691,64,1424,3020,64
vector,7,4096,uniform,blosc2-1thread,equals,339809.93612203747,3691,64,5312,17309,16
vector,7,4096,uniform,blosc2-1thread,slice-copy,13767.902601102833,3691,64,3520,4218,256
vector,8,4096,uniform,python-bytes,construct-from-list,12284.507647564169,4096,4129,4233,4233,256
vector,8,4096,uniform,python-bytes,get-scalar,36.57150315916624,4096,4129,56,56,65536
vector,8,4096,uniform,python-bytes,to-list,11532.552889548242,4096,4129,32880,32928,512
vector,8,4096,uniform,python-bytes,copy,285.3139022818141,4096,4129,4233,8386,16384
vector,8,4096,uniform,python-bytes,count,2727.375999711512,4096,4129,56,56,2048
vector,8,4096,uniform,python-bytes,gather-256,6595.947525056545,4096,4129,2256,2304,512
vector,8,4096,uniform,python-bytes,sum,10719.48281605728,4096,4129,84,104,512
vector,8,4096,uniform,python-bytes,equals,151.8173249337451,4096,4129,56,56,32768
vector,8,4096,uniform,python-bytes,slice-copy,102.55050852947534,4096,4129,2137,2137,32768
vector,8,4096,uniform,array-B,construct-from-list,52073.5775353387,4096,4176,4232,4232,64
vector,8,4096,uniform,array-B,get-scalar,39.058686951420896,4096,4176,56,56,65536
vector,8,4096,uniform,array-B,to-list,9515.624697087333,4096,4176,32880,32880,512
vector,8,4096,uniform,array-B,copy,142.65188497120107,4096,4176,4232,4232,32768
vector,8,4096,uniform,array-B,count,29422.850275295787,4096,4176,56,56,128
vector,8,4096,uniform,array-B,gather-256,7010.171884758165,4096,4176,2256,2304,512
vector,8,4096,uniform,array-B,sum,11531.005839060526,4096,4176,84,112,512
vector,8,4096,uniform,array-B,set-restore-pair,80.29365261563726,4096,4176,56,56,65536
vector,8,4096,uniform,array-B,equals,1330.1696526468731,4096,4176,56,56,4096
vector,8,4096,uniform,array-B,slice-copy,123.64577628432016,4096,4176,2184,2184,32768
vector,8,4096,uniform,numpy-u8,construct-from-list,63184.90341072902,4096,4208,4248,4248,64
vector,8,4096,uniform,numpy-u8,get-scalar,62.187837102101184,4096,4208,56,80,65536
vector,8,4096,uniform,numpy-u8,to-list,14577.797628589906,4096,4208,32880,32880,256
vector,8,4096,uniform,numpy-u8,copy,282.9666101433759,4096,4208,4248,4248,16384
vector,8,4096,uniform,numpy-u8,count,1053.1107932365558,4096,4208,104,4345,4096
vector,8,4096,uniform,numpy-u8,gather-256,322.1638849026931,4096,4208,408,408,16384
vector,8,4096,uniform,numpy-u8,sum,2147.8070948433015,4096,4208,572,34280,2048
vector,8,4096,uniform,numpy-u8,set-restore-pair,123.50464118071613,4096,4208,56,80,32768
vector,8,4096,uniform,numpy-u8,equals,1115.6513437526883,4096,4208,208,4497,4096
vector,8,4096,uniform,numpy-u8,slice-copy,304.35943187967496,4096,4208,2200,2296,16384
vector,8,4096,uniform,tightarray-packed,construct-from-list,24630.531697766855,4096,4168,4456,37264,128
vector,8,4096,uniform,tightarray-packed,get-scalar,38.39111428760589,4096,4168,56,56,65536
vector,8,4096,uniform,tightarray-packed,to-list,10882.568403758341,4096,4168,32880,32880,512
vector,8,4096,uniform,tightarray-packed,copy,120.8814097708455,4096,4168,4224,4224,32768
vector,8,4096,uniform,tightarray-packed,count,197.54028812712932,4096,4168,56,56,16384
vector,8,4096,uniform,tightarray-packed,gather-256,257.4894892859447,4096,4168,384,384,16384
vector,8,4096,uniform,tightarray-packed,sum,17994.952941080555,4096,4168,132,305,256
vector,8,4096,uniform,tightarray-packed,set-restore-pair,70.90377707186235,4096,4168,56,56,65536
vector,8,4096,uniform,tightarray-packed,equals,165.8032857676517,4096,4168,56,56,32768
vector,8,4096,uniform,tightarray-packed,slice-copy,124.97839207981087,4096,4168,2176,2248,32768
vector,8,4096,uniform,tightarray-aligned,construct-from-list,24696.937543922104,4096,4168,4456,37264,128
vector,8,4096,uniform,tightarray-aligned,get-scalar,38.31608808013698,4096,4168,56,56,65536
vector,8,4096,uniform,tightarray-aligned,to-list,10800.213203765452,4096,4168,32880,32880,512
vector,8,4096,uniform,tightarray-aligned,copy,123.90771075843077,4096,4168,4224,4224,32768
vector,8,4096,uniform,tightarray-aligned,count,198.41259302211256,4096,4168,56,56,16384
vector,8,4096,uniform,tightarray-aligned,gather-256,248.4893855125847,4096,4168,384,384,16384
vector,8,4096,uniform,tightarray-aligned,sum,17999.02292987099,4096,4168,132,305,256
vector,8,4096,uniform,tightarray-aligned,set-restore-pair,71.6921384480429,4096,4168,56,56,65536
vector,8,4096,uniform,tightarray-aligned,equals,169.52515125012724,4096,4168,56,56,32768
vector,8,4096,uniform,tightarray-aligned,slice-copy,126.2969959725524,4096,4168,2176,2248,32768
vector,8,4096,uniform,tightarray-api,construct-from-list,522218.76103430986,4096,80,4760,37296,8
vector,8,4096,uniform,tightarray-api,get-scalar,2494.4862389020273,4096,80,640,5033,2048
vector,8,4096,uniform,tightarray-api,to-list,15942.7072503604,4096,80,33160,37352,256
vector,8,4096,uniform,tightarray-api,copy,3049.03119285882,4096,80,4760,9120,1024
vector,8,4096,uniform,tightarray-api,count,9882.48802968883,4096,80,1104,39801,512
vector,8,4096,uniform,tightarray-api,gather-256,6636.150374106364,4096,80,3024,5513,512
vector,8,4096,uniform,tightarray-api,sum,4719.686558019021,4096,80,900,38777,1024
vector,8,4096,uniform,tightarray-api,set-restore-pair,3322583.856061101,4096,80,848,161200,1
vector,8,4096,uniform,tightarray-api,equals,10024.74027700373,4096,80,1168,13298,512
vector,8,4096,uniform,tightarray-api,slice-copy,4931.965804644278,4096,80,3112,7301,1024
vector,8,4096,uniform,bitstring,construct-from-list,10202999.925240874,4096,48,14620,15268,1
vector,8,4096,uniform,bitstring,get-scalar,1779.84622951044,4096,48,624,1017,2048
vector,8,4096,uniform,bitstring,to-list,6053457.967936993,4096,48,43032,43585,1
vector,8,4096,uniform,bitstring,copy,2318.84757795342,4096,48,4776,9196,2048
vector,8,4096,uniform,bitstring,count,6339749.787002802,4096,48,10056,11281,1
vector,8,4096,uniform,bitstring,gather-256,469218.7358159572,4096,48,12184,12745,8
vector,8,4096,uniform,bitstring,sum,6298750.173300505,4096,48,10012,10801,1
vector,8,4096,uniform,bitstring,set-restore-pair,9211.181804857915,4096,48,808,1201,512
vector,8,4096,uniform,bitstring,equals,434.2193733464228,4096,48,56,120,8192
vector,8,4096,uniform,bitstring,slice-copy,2256.795369248721,4096,48,2728,5104,2048
vector,8,4096,uniform,bitformat,construct-from-list,1508729.0666997433,4096,48,1512,624587,2
vector,8,4096,uniform,bitformat,get-scalar,778.3916089465492,4096,48,120,120,4096
vector,8,4096,uniform,bitformat,to-list,2128229.010850191,4096,48,33104,33320,2
vector,8,4096,uniform,bitformat,copy,3514.810487104114,4096,48,424,668,1024
vector,8,4096,uniform,bitformat,count,601244.8866385967,4096,48,128,932,8
vector,8,4096,uniform,bitformat,gather-256,192200.50307922065,4096,48,2320,2432,16
vector,8,4096,uniform,bitformat,sum,549885.3861354291,4096,48,84,452,8
vector,8,4096,uniform,bitformat,set-restore-pair,1968.2616994032287,4096,48,120,232,2048
vector,8,4096,uniform,bitformat,equals,6830.078291386599,4096,48,104,104,512
vector,8,4096,uniform,bitformat,slice-copy,2666.0361527319765,4096,48,424,640,2048
vector,8,4096,uniform,blosc2-1thread,construct-from-list,108730.46994674951,4160,64,5704,11496,32
vector,8,4096,uniform,blosc2-1thread,get-scalar,8196.533144655405,4160,64,1216,2812,512
vector,8,4096,uniform,blosc2-1thread,to-list,22555.987925443333,4160,64,34088,38336,256
vector,8,4096,uniform,blosc2-1thread,copy,31431.312891072594,4160,64,5200,7192,128
vector,8,4096,uniform,blosc2-1thread,count,322057.2543796152,4160,64,5136,74414,16
vector,8,4096,uniform,blosc2-1thread,gather-256,18135.41803130647,4160,64,1104,1992,256
vector,8,4096,uniform,blosc2-1thread,sum,299260.36950200796,4160,64,5588,74873,16
vector,8,4096,uniform,blosc2-1thread,set-restore-pair,49604.830564931035,4160,64,1424,3020,64
vector,8,4096,uniform,blosc2-1thread,equals,315971.3087370619,4160,64,5312,17309,16
vector,8,4096,uniform,blosc2-1thread,slice-copy,8048.340077948524,4160,64,3520,4218,512
vector,1,65536,uniform,python-bytes,construct-from-list,193854.12451811135,65536,65569,65673,65673,16
vector,1,65536,uniform,python-bytes,get-scalar,36.7953028046486,65536,65569,56,56,65536
vector,1,65536,uniform,python-bytes,to-list,185641.9039540924,65536,65569,524400,524448,32
vector,1,65536,uniform,python-bytes,copy,4184.366162007791,65536,65569,65673,131266,1024
vector,1,65536,uniform,python-bytes,count,233080.74742089957,65536,65569,84,84,16
vector,1,65536,uniform,python-bytes,gather-256,6808.755642850883,65536,65569,2256,2304,512
vector,1,65536,uniform,python-bytes,sum,177359.37581164762,65536,65569,84,104,32
vector,1,65536,uniform,python-bytes,equals,1959.0454485296505,65536,65569,56,56,2048
vector,1,65536,uniform,python-bytes,slice-copy,754.8625831077516,65536,65569,32857,32857,4096
vector,1,65536,uniform,array-B,construct-from-list,859781.2266089022,65536,65616,65672,65672,4
vector,1,65536,uniform,array-B,get-scalar,40.93105943070441,65536,65616,56,56,65536
vector,1,65536,uniform,array-B,to-list,154117.18777613714,65536,65616,524400,524400,32
vector,1,65536,uniform,array-B,copy,1037.1806524744898,65536,65616,65672,65672,4096
vector,1,65536,uniform,array-B,count,649312.5110864639,65536,65616,84,84,8
vector,1,65536,uniform,array-B,gather-256,7235.26954971021,65536,65616,2256,2304,512
vector,1,65536,uniform,array-B,sum,192026.054719463,65536,65616,84,112,16
vector,1,65536,uniform,array-B,set-restore-pair,84.85539382263596,65536,65616,56,56,65536
vector,1,65536,uniform,array-B,equals,21414.226466731634,65536,65616,56,56,256
vector,1,65536,uniform,array-B,slice-copy,687.0168647310493,65536,65616,32904,32904,8192
vector,1,65536,uniform,numpy-u8,construct-from-list,1056874.985806644,65536,65648,65688,65688,4
vector,1,65536,uniform,numpy-u8,get-scalar,65.0653824152414,65536,65648,56,80,65536
vector,1,65536,uniform,numpy-u8,to-list,242627.618717961,65536,65648,524400,524400,16
vector,1,65536,uniform,numpy-u8,copy,1297.5769436707196,65536,65648,65688,65688,4096
vector,1,65536,uniform,numpy-u8,count,4982.340897186077,65536,65648,136,65785,1024
vector,1,65536,uniform,numpy-u8,gather-256,339.1926810536461,65536,65648,408,408,16384
vector,1,65536,uniform,numpy-u8,sum,14043.128430785146,65536,65648,572,67048,256
vector,1,65536,uniform,numpy-u8,set-restore-pair,129.50772543263156,65536,65648,56,80,32768
vector,1,65536,uniform,numpy-u8,equals,4237.385610394995,65536,65648,208,65937,1024
vector,1,65536,uniform,numpy-u8,slice-copy,876.810815952922,65536,65648,32920,33016,4096
vector,1,65536,uniform,tightarray-packed,construct-from-list,394989.6199628711,8192,8264,8552,532880,8
vector,1,65536,uniform,tightarray-packed,get-scalar,40.229796383073335,8192,8264,56,56,65536
vector,1,65536,uniform,tightarray-packed,to-list,172985.68855039775,8192,8264,524400,524400,32
vector,1,65536,uniform,tightarray-packed,copy,185.27222067632465,8192,8264,8320,8320,32768
vector,1,65536,uniform,tightarray-packed,count,252.06756504303485,8192,8264,84,84,16384
vector,1,65536,uniform,tightarray-packed,gather-256,209.97876504225133,8192,8264,160,160,16384
vector,1,65536,uniform,tightarray-packed,sum,287455.7540053502,8192,8264,132,305,16
vector,1,65536,uniform,tightarray-packed,set-restore-pair,73.46980623879062,8192,8264,56,56,65536
vector,1,65536,uniform,tightarray-packed,equals,275.375370506481,8192,8264,56,56,16384
vector,1,65536,uniform,tightarray-packed,slice-copy,180.71493457227916,8192,8264,4224,4296,32768
vector,1,65536,uniform,tightarray-aligned,construct-from-list,400781.2531199306,8192,8264,8552,532880,8
vector,1,65536,uniform,tightarray-aligned,get-scalar,39.529798101511915,8192,8264,56,56,65536
vector,1,65536,uniform,tightarray-aligned,to-list,168549.4717094116,8192,8264,524400,524400,32
vector,1,65536,uniform,tightarray-aligned,copy,181.32143964066927,8192,8264,8320,8320,32768
vector,1,65536,uniform,tightarray-aligned,count,243.51244576337194,8192,8264,84,84,16384
vector,1,65536,uniform,tightarray-aligned,gather-256,294.7947450593347,8192,8264,160,160,16384
vector,1,65536,uniform,tightarray-aligned,sum,285244.8233170435,8192,8264,132,305,16
vector,1,65536,uniform,tightarray-aligned,set-restore-pair,71.16571154597295,8192,8264,56,56,65536
vector,1,65536,uniform,tightarray-aligned,equals,277.52686548865313,8192,8264,56,56,16384
vector,1,65536,uniform,tightarray-aligned,slice-copy,184.40756122117818,8192,8264,4224,4296,32768
vector,1,65536,uniform,tightarray-api,construct-from-list,8506916.929036379,8192,80,8856,628176,1
vector,1,65536,uniform,tightarray-api,get-scalar,8414.633157372009,8192,80,640,66473,512
vector,1,65536,uniform,tightarray-api,to-list,250427.05237865448,8192,80,524680,590312,16
vector,1,65536,uniform,tightarray-api,copy,16038.41064934386,8192,80,8856,131633,256
vector,1,65536,uniform,tightarray-api,count,43607.422412605956,8192,80,1136,141689,128
vector,1,65536,uniform,tightarray-api,gather-256,13063.476217212155,8192,80,3024,66953,256
vector,1,65536,uniform,tightarray-api,sum,22199.218619789463,8192,80,900,132985,256
vector,1,65536,uniform,tightarray-api,set-restore-pair,55122625.08273125,8192,80,848,2680240,1
vector,1,65536,uniform,tightarray-api,equals,37384.76516446099,8192,80,1168,197618,128
vector,1,65536,uniform,tightarray-api,slice-copy,14392.413504538126,8192,80,5160,99461,256
vector,1,65536,uniform,bitstring,construct-from-list,168598167.13258624,8192,48,18724,19372,1
vector,1,65536,uniform,bitstring,get-scalar,1806.9048337565619,8192,48,624,1017,2048
vector,1,65536,uniform,bitstring,to-list,94914207.9334706,8192,48,572472,573025,1
vector,1,65536,uniform,bitstring,copy,2552.1850375298527,8192,48,8872,17388,2048
vector,1,65536,uniform,bitstring,count,102903208.92818272,8192,48,10084,11281,1
vector,1,65536,uniform,bitstring,gather-256,461005.1400959492,8192,48,12184,12745,8
vector,1,65536,uniform,bitstring,sum,101086582.9885006,8192,48,10012,10801,1
vector,1,65536,uniform,bitstring,set-restore-pair,9048.095762409503,8192,48,808,1201,512
vector,1,65536,uniform,bitstring,equals,525.9298347937147,8192,48,56,120,8192
vector,1,65536,uniform,bitstring,slice-copy,2272.5014332536375,8192,48,4776,9200,2048
vector,1,65536,uniform,bitformat,construct-from-list,24955708.999186754,8192,48,1512,10001387,1
vector,1,65536,uniform,bitformat,get-scalar,762.5629905305686,8192,48,120,120,4096
vector,1,65536,uniform,bitformat,to-list,35218749.89382923,8192,48,562544,562760,1
vector,1,65536,uniform,bitformat,copy,5384.114274420426,8192,48,424,668,1024
vector,1,65536,uniform,bitformat,count,10085874.935612082,8192,48,156,932,1
vector,1,65536,uniform,bitformat,gather-256,195137.99634296447,8192,48,2320,2432,16
vector,1,65536,uniform,bitformat,sum,9106541.983783245,8192,48,84,452,1
vector,1,65536,uniform,bitformat,set-restore-pair,1985.3921457979595,8192,48,120,232,2048
vector,1,65536,uniform,bitformat,equals,13381.511053012218,8192,48,104,104,256
vector,1,65536,uniform,bitformat,slice-copy,3561.7676985566504,8192,48,424,640,1024
vector,1,65536,uniform,blosc2-1thread,construct-from-list,3115333.1510722637,11061,64,5704,72936,1
vector,1,65536,uniform,blosc2-1thread,get-scalar,74330.7355151046,11061,64,1216,2812,64
vector,1,65536,uniform,blosc2-1thread,to-list,307046.8665100634,11061,64,525608,591296,16
vector,1,65536,uniform,blosc2-1thread,copy,31650.390155846253,11061,64,5200,7192,128
vector,1,65536,uniform,blosc2-1thread,count,506645.8834335208,11061,64,5168,1057450,8
vector,1,65536,uniform,blosc2-1thread,gather-256,84011.08061661944,11061,64,1104,1992,64
vector,1,65536,uniform,blosc2-1thread,sum,433484.3542892486,11061,64,5588,1057913,8
vector,1,65536,uniform,blosc2-1thread,set-restore-pair,4317167.215049267,11061,64,1424,3020,1
vector,1,65536,uniform,blosc2-1thread,equals,571635.3771276772,11061,64,5312,140189,8
vector,1,65536,uniform,blosc2-1thread,slice-copy,75097.65782742761,11061,64,34240,34938,64
vector,1,65536,uniform,ml_dtypes-u1,construct-from-list,2139833.5229605436,65536,65648,65688,65688,2
vector,1,65536,uniform,ml_dtypes-u1,get-scalar,66.36746263666282,65536,65648,56,80,65536
vector,1,65536,uniform,ml_dtypes-u1,to-list,195583.31405278295,65536,65648,524400,524400,16
vector,1,65536,uniform,ml_dtypes-u1,copy,1342.5802762867534,65536,65648,65688,65841,4096
vector,1,65536,uniform,ml_dtypes-u1,count,6699.298864987213,65536,65648,136,75291,512
vector,1,65536,uniform,ml_dtypes-u1,gather-256,409.5662973213621,65536,65648,408,561,8192
vector,1,65536,uniform,ml_dtypes-u1,sum,13643.066267832182,65536,65648,572,67313,256
vector,1,65536,uniform,ml_dtypes-u1,set-restore-pair,178.22264908318175,65536,65648,56,80,16384
vector,1,65536,uniform,ml_dtypes-u1,equals,7238.7697400699835,65536,65648,208,83796,512
vector,1,65536,uniform,ml_dtypes-u1,slice-copy,955.5564020047314,65536,65648,32920,33169,4096
vector,2,65536,uniform,python-bytes,construct-from-list,197455.7526409626,65536,65569,65673,65673,16
vector,2,65536,uniform,python-bytes,get-scalar,37.46286125760889,65536,65569,56,56,65536
vector,2,65536,uniform,python-bytes,to-list,185432.30544310063,65536,65569,524400,524448,16
vector,2,65536,uniform,python-bytes,copy,3469.1561268118676,65536,65569,65673,131266,1024
vector,2,65536,uniform,python-bytes,count,138545.5616400577,65536,65569,84,84,32
vector,2,65536,uniform,python-bytes,gather-256,6535.400189022766,65536,65569,2256,2304,512
vector,2,65536,uniform,python-bytes,sum,172613.283211831,65536,65569,84,104,32
vector,2,65536,uniform,python-bytes,equals,1911.783670038858,65536,65569,56,56,2048
vector,2,65536,uniform,python-bytes,slice-copy,731.7250947380671,65536,65569,32857,32857,8192
vector,2,65536,uniform,array-B,construct-from-list,783791.474532336,65536,65616,65672,65672,4
vector,2,65536,uniform,array-B,get-scalar,39.65759276525205,65536,65616,56,56,65536
vector,2,65536,uniform,array-B,to-list,146602.8406866826,65536,65616,524400,524400,32
vector,2,65536,uniform,array-B,copy,911.4787644648459,65536,65616,65672,65672,4096
vector,2,65536,uniform,array-B,count,548505.2533913404,65536,65616,84,84,8
vector,2,65536,uniform,array-B,gather-256,6985.0275394856,65536,65616,2256,2304,512
vector,2,65536,uniform,array-B,sum,183973.94160274416,65536,65616,84,112,32
vector,2,65536,uniform,array-B,set-restore-pair,82.14060898126263,65536,65616,56,56,65536
vector,2,65536,uniform,array-B,equals,20518.0658667814,65536,65616,56,56,256
vector,2,65536,uniform,array-B,slice-copy,660.3851261388627,65536,65616,32904,32904,8192
vector,2,65536,uniform,numpy-u8,construct-from-list,1009104.2495332658,65536,65648,65688,65688,4
vector,2,65536,uniform,numpy-u8,get-scalar,62.30609272961374,65536,65648,56,80,65536
vector,2,65536,uniform,numpy-u8,to-list,231380.2542630583,65536,65648,524400,524400,16
vector,2,65536,uniform,numpy-u8,copy,990.0615509650379,65536,65648,65688,65688,4096
vector,2,65536,uniform,numpy-u8,count,4761.352556670317,65536,65648,136,65785,1024
vector,2,65536,uniform,numpy-u8,gather-256,323.57026213958306,65536,65648,408,408,16384
vector,2,65536,uniform,numpy-u8,sum,13397.297152550891,65536,65648,572,67048,256
vector,2,65536,uniform,numpy-u8,set-restore-pair,127.89153913672635,65536,65648,56,80,32768
vector,2,65536,uniform,numpy-u8,equals,4119.425739190774,65536,65648,208,65937,1024
vector,2,65536,uniform,numpy-u8,slice-copy,905.4973020283796,65536,65648,32920,33016,4096
vector,2,65536,uniform,tightarray-packed,construct-from-list,400020.886445418,16384,16456,16744,541072,8
vector,2,65536,uniform,tightarray-packed,get-scalar,40.29845968034351,16384,16456,56,56,65536
vector,2,65536,uniform,tightarray-packed,to-list,175190.09270472452,16384,16456,524400,524400,32
vector,2,65536,uniform,tightarray-packed,copy,306.60753225220105,16384,16456,16512,16512,16384
vector,2,65536,uniform,tightarray-packed,count,734.3952574956347,16384,16456,84,84,4096
vector,2,65536,uniform,tightarray-packed,gather-256,272.56011492227117,16384,16456,192,192,16384
vector,2,65536,uniform,tightarray-packed,sum,298273.42950738966,16384,16456,132,305,16
vector,2,65536,uniform,tightarray-packed,set-restore-pair,74.5436423699175,16384,16456,56,56,65536
vector,2,65536,uniform,tightarray-packed,equals,503.20934974479314,16384,16456,56,56,8192
vector,2,65536,uniform,tightarray-packed,slice-copy,248.44867141382565,16384,16456,8320,8392,16384
vector,2,65536,uniform,tightarray-aligned,construct-from-list,405604.13617640734,16384,16456,16744,541072,8
vector,2,65536,uniform,tightarray-aligned,get-scalar,40.17066856931706,16384,16456,56,56,65536
vector,2,65536,uniform,tightarray-aligned,to-list,175807.28308530524,16384,16456,524400,524400,32
vector,2,65536,uniform,tightarray-aligned,copy,386.42376409825374,16384,16456,16512,16512,16384
vector,2,65536,uniform,tightarray-aligned,count,735.5041589107714,16384,16456,84,84,4096
vector,2,65536,uniform,tightarray-aligned,gather-256,284.6527138444799,16384,16456,192,192,16384
vector,2,65536,uniform,tightarray-aligned,sum,299802.0645463839,16384,16456,132,305,16
vector,2,65536,uniform,tightarray-aligned,set-restore-pair,75.08340615913767,16384,16456,56,56,65536
vector,2,65536,uniform,tightarray-aligned,equals,497.1516318619251,16384,16456,56,56,8192
vector,2,65536,uniform,tightarray-aligned,slice-copy,220.761592117924,16384,16456,8320,8392,16384
vector,2,65536,uniform,tightarray-api,construct-from-list,8612458.128482103,16384,80,17048,628176,1
vector,2,65536,uniform,tightarray-api,get-scalar,9326.985946245259,16384,80,640,66473,512
vector,2,65536,uniform,tightarray-api,to-list,246414.07071612775,16384,80,524680,590312,16
vector,2,65536,uniform,tightarray-api,copy,16919.757399591617,16384,80,17048,131633,256
vector,2,65536,uniform,tightarray-api,count,44230.79008120112,16384,80,1136,141689,128
vector,2,65536,uniform,tightarray-api,gather-256,13533.85505353799,16384,80,3024,66953,256
vector,2,65536,uniform,tightarray-api,sum,23450.515072909184,16384,80,900,132985,128
vector,2,65536,uniform,tightarray-api,set-restore-pair,55354375.15936792,16384,80,848,2680240,1
vector,2,65536,uniform,tightarray-api,equals,38619.14046865422,16384,80,1168,197618,128
vector,2,65536,uniform,tightarray-api,slice-copy,15189.292753348127,16384,80,9256,99461,256
vector,2,65536,uniform,bitstring,construct-from-list,165254915.83161056,16384,48,27760,28408,1
vector,2,65536,uniform,bitstring,get-scalar,1786.722577890032,16384,48,624,1017,2048
vector,2,65536,uniform,bitstring,to-list,96777041.90835357,16384,48,572472,573025,1
vector,2,65536,uniform,bitstring,copy,2653.259230100957,16384,48,17064,33772,2048
vector,2,65536,uniform,bitstring,count,100928750.121966,16384,48,10084,11281,1
vector,2,65536,uniform,bitstring,gather-256,479619.89184841514,16384,48,12184,12745,8
vector,2,65536,uniform,bitstring,sum,101567083.96971226,16384,48,10012,10801,1
vector,2,65536,uniform,bitstring,set-restore-pair,9295.00174606801,16384,48,808,1201,512
vector,2,65536,uniform,bitstring,equals,759.6740942972247,16384,48,56,120,4096
vector,2,65536,uniform,bitstring,slice-copy,2436.3607735722326,16384,48,8872,17392,2048
vector,2,65536,uniform,bitformat,construct-from-list,26030750.013887882,16384,48,1512,10001387,1
vector,2,65536,uniform,bitformat,get-scalar,758.8806170133466,16384,48,120,120,4096
vector,2,65536,uniform,bitformat,to-list,36179749.9936074,16384,48,562544,562760,1
vector,2,65536,uniform,bitformat,copy,8833.169886202086,16384,48,424,668,512
vector,2,65536,uniform,bitformat,count,10427082.888782024,16384,48,156,932,1
vector,2,65536,uniform,bitformat,gather-256,199729.18380517513,16384,48,2320,2432,16
vector,2,65536,uniform,bitformat,sum,9752624.901011586,16384,48,84,452,1
vector,2,65536,uniform,bitformat,set-restore-pair,2000.3867575724144,16384,48,120,232,2048
vector,2,65536,uniform,bitformat,equals,26501.29681569524,16384,48,104,104,128
vector,2,65536,uniform,bitformat,slice-copy,5448.811634778394,16384,48,424,640,1024
vector,2,65536,uniform,blosc2-1thread,construct-from-list,3430499.928072095,19708,64,5704,72936,1
vector,2,65536,uniform,blosc2-1thread,get-scalar,90505.85867953487,19708,64,1216,2812,64
vector,2,65536,uniform,blosc2-1thread,to-list,328502.6177763939,19708,64,525608,591296,16
vector,2,65536,uniform,blosc2-1thread,copy,32400.07208660245,19708,64,5200,7192,128
vector,2,65536,uniform,blosc2-1thread,count,507833.37792381644,19708,64,5168,1057450,8
vector,2,65536,uniform,blosc2-1thread,gather-256,99936.18732551113,19708,64,1104,1992,32
vector,2,65536,uniform,blosc2-1thread,sum,426869.89763751626,19708,64,5588,1057913,8
vector,2,65536,uniform,blosc2-1thread,set-restore-pair,4891957.85485208,19708,64,1424,3020,1
vector,2,65536,uniform,blosc2-1thread,equals,591114.62906003,19708,64,5312,140189,8
vector,2,65536,uniform,blosc2-1thread,slice-copy,91507.80897471122,19708,64,34240,34938,64
vector,2,65536,uniform,ml_dtypes-u2,construct-from-list,2089812.42030859,65536,65648,65688,65688,2
vector,2,65536,uniform,ml_dtypes-u2,get-scalar,64.68646418511526,65536,65648,56,80,65536
vector,2,65536,uniform,ml_dtypes-u2,to-list,189789.0615509823,65536,65648,524400,524400,16
vector,2,65536,uniform,ml_dtypes-u2,copy,1140.024892265501,65536,65648,65688,65841,4096
vector,2,65536,uniform,ml_dtypes-u2,count,6631.673841184238,65536,65648,136,75291,512
vector,2,65536,uniform,ml_dtypes-u2,gather-256,407.94373035168974,65536,65648,408,561,8192
vector,2,65536,uniform,ml_dtypes-u2,sum,13541.828593588434,65536,65648,572,67313,256
vector,2,65536,uniform,ml_dtypes-u2,set-restore-pair,176.57342965549105,65536,65648,56,80,32768
vector,2,65536,uniform,ml_dtypes-u2,equals,7174.396159825847,65536,65648,208,83796,512
vector,2,65536,uniform,ml_dtypes-u2,slice-copy,957.9162565387378,65536,65648,32920,33169,4096
vector,3,65536,uniform,python-bytes,construct-from-list,197499.99046325684,65536,65569,65673,65673,16
vector,3,65536,uniform,python-bytes,get-scalar,37.50164978555404,65536,65569,56,56,65536
vector,3,65536,uniform,python-bytes,to-list,188739.62108045816,65536,65569,524400,524448,16
vector,3,65536,uniform,python-bytes,copy,4101.115109733655,65536,65569,65673,131266,1024
vector,3,65536,uniform,python-bytes,count,88581.37516654097,65536,65569,84,84,64
vector,3,65536,uniform,python-bytes,gather-256,6634.439614572329,65536,65569,2256,2304,512
vector,3,65536,uniform,python-bytes,sum,172968.75012107193,65536,65569,84,104,32
vector,3,65536,uniform,python-bytes,equals,1986.1655573549797,65536,65569,56,56,2048
vector,3,65536,uniform,python-bytes,slice-copy,734.5529979829735,65536,65569,32857,32857,8192
vector,3,65536,uniform,array-B,construct-from-list,777802.022639662,65536,65616,65672,65672,4
vector,3,65536,uniform,array-B,get-scalar,39.93925545842103,65536,65616,56,56,65536
vector,3,65536,uniform,array-B,to-list,149411.46946512163,65536,65616,524400,524400,32
vector,3,65536,uniform,array-B,copy,911.2346219808387,65536,65616,65672,65672,4096
vector,3,65536,uniform,array-B,count,498552.10818350315,65536,65616,84,84,8
vector,3,65536,uniform,array-B,gather-256,7069.335879350547,65536,65616,2256,2304,512
vector,3,65536,uniform,array-B,sum,186910.15429794788,65536,65616,84,112,32
vector,3,65536,uniform,array-B,set-restore-pair,83.40136403717224,65536,65616,56,56,65536
vector,3,65536,uniform,array-B,equals,20452.960598049685,65536,65616,56,56,256
vector,3,65536,uniform,array-B,slice-copy,664.0981382588507,65536,65616,32904,32904,8192
vector,3,65536,uniform,numpy-u8,construct-from-list,1026541.5185131133,65536,65648,65688,65688,4
vector,3,65536,uniform,numpy-u8,get-scalar,63.27056922827978,65536,65648,56,80,65536
vector,3,65536,uniform,numpy-u8,to-list,231942.68578663468,65536,65648,524400,524400,16
vector,3,65536,uniform,numpy-u8,copy,1046.9562994330772,65536,65648,65688,65688,4096
vector,3,65536,uniform,numpy-u8,count,4698.770453614998,65536,65648,136,65785,1024
vector,3,65536,uniform,numpy-u8,gather-256,323.9771189100793,65536,65648,408,408,16384
vector,3,65536,uniform,numpy-u8,sum,13392.902474151924,65536,65648,572,67048,256
vector,3,65536,uniform,numpy-u8,set-restore-pair,124.0755906906088,65536,65648,56,80,32768
vector,3,65536,uniform,numpy-u8,equals,4092.3262076830724,65536,65648,208,65937,1024
vector,3,65536,uniform,numpy-u8,slice-copy,865.580318532011,65536,65648,32920,33016,4096
vector,3,65536,uniform,tightarray-packed,construct-from-list,403698.009904474,24576,24648,24936,549264,8
vector,3,65536,uniform,tightarray-packed,get-scalar,39.037065135971716,24576,24648,56,56,65536
vector,3,65536,uniform,tightarray-packed,to-list,200351.55466757715,24576,24648,524400,524400,16
vector,3,65536,uniform,tightarray-packed,copy,341.16106917281286,24576,24648,24704,24704,16384
vector,3,65536,uniform,tightarray-packed,count,3222.3308608081425,24576,24648,84,84,1024
vector,3,65536,uniform,tightarray-packed,gather-256,370.0765489611513,24576,24648,224,224,8192
vector,3,65536,uniform,tightarray-packed,sum,326466.13544784486,24576,24648,132,305,16
vector,3,65536,uniform,tightarray-packed,set-restore-pair,71.60122805771607,24576,24648,56,56,65536
vector,3,65536,uniform,tightarray-packed,equals,677.1698224383726,24576,24648,56,56,8192
vector,3,65536,uniform,tightarray-packed,slice-copy,270.97570409750915,24576,24648,12416,12488,16384
vector,3,65536,uniform,tightarray-aligned,construct-from-list,388151.005608961,24968,25040,25328,549656,8
vector,3,65536,uniform,tightarray-aligned,get-scalar,39.625167147505636,24968,25040,56,56,65536
vector,3,65536,uniform,tightarray-aligned,to-list,194815.11844787747,24968,25040,524400,524400,16
vector,3,65536,uniform,tightarray-aligned,copy,383.71788946278684,24968,25040,25096,25096,8192
vector,3,65536,uniform,tightarray-aligned,count,1065.6330573510786,24968,25040,84,84,4096
vector,3,65536,uniform,tightarray-aligned,gather-256,323.7431656089029,24968,25040,232,232,16384
vector,3,65536,uniform,tightarray-aligned,sum,312455.75519278646,24968,25040,132,305,16
vector,3,65536,uniform,tightarray-aligned,set-restore-pair,73.36552698689047,24968,25040,56,56,65536
vector,3,65536,uniform,tightarray-aligned,equals,740.0207664431946,24968,25040,56,56,4096
vector,3,65536,uniform,tightarray-aligned,slice-copy,436.9710779883462,24968,25040,12616,12688,8192
vector,3,65536,uniform,tightarray-api,construct-from-list,8411040.995270014,24576,80,25240,628176,1
vector,3,65536,uniform,tightarray-api,get-scalar,12331.214747973718,24576,80,640,66473,256
vector,3,65536,uniform,tightarray-api,to-list,249372.37321864814,24576,80,524680,590312,16
vector,3,65536,uniform,tightarray-api,copy,22720.21538374247,24576,80,25240,131633,256
vector,3,65536,uniform,tightarray-api,count,46427.73455998395,24576,80,1136,141689,128
vector,3,65536,uniform,tightarray-api,gather-256,16559.246432734653,24576,80,3024,66953,256
vector,3,65536,uniform,tightarray-api,sum,26417.967092129402,24576,80,900,132985,128
vector,3,65536,uniform,tightarray-api,set-restore-pair,54662457.90012181,24576,80,848,2680240,1
vector,3,65536,uniform,tightarray-api,equals,45809.247239958495,24576,80,1168,197618,64
vector,3,65536,uniform,tightarray-api,slice-copy,20160.156054771505,24576,80,13352,99461,256
vector,3,65536,uniform,bitstring,construct-from-list,166238582.925871,24576,48,35424,36072,1
vector,3,65536,uniform,bitstring,get-scalar,1786.2954564407119,24576,48,624,1017,2048
vector,3,65536,uniform,bitstring,to-list,95924999.79771674,24576,48,572472,573025,1
vector,3,65536,uniform,bitstring,copy,2935.7499897741945,24576,48,25256,50156,1024
vector,3,65536,uniform,bitstring,count,99605165.88762403,24576,48,10084,11281,1
vector,3,65536,uniform,bitstring,gather-256,468281.2432292849,24576,48,12184,12745,8
vector,3,65536,uniform,bitstring,sum,100373834.13873613,24576,48,10012,10801,1
vector,3,65536,uniform,bitstring,set-restore-pair,8938.558949012076,24576,48,808,1201,512
vector,3,65536,uniform,bitstring,equals,934.6313163405284,24576,48,56,120,4096
vector,3,65536,uniform,bitstring,slice-copy,2570.047854533186,24576,48,12968,25584,2048
vector,3,65536,uniform,bitformat,construct-from-list,25273917.010053992,24576,48,1512,10001387,1
vector,3,65536,uniform,bitformat,get-scalar,774.6989467705134,24576,48,120,120,4096
vector,3,65536,uniform,bitformat,to-list,36070708.18543434,24576,48,562544,562760,1
vector,3,65536,uniform,bitformat,copy,12614.90979231894,24576,48,424,668,256
vector,3,65536,uniform,bitformat,count,10195791.954174638,24576,48,156,932,1
vector,3,65536,uniform,bitformat,gather-256,196414.05378933996,24576,48,2320,2432,16
vector,3,65536,uniform,bitformat,sum,9392249.86359477,24576,48,84,452,1
vector,3,65536,uniform,bitformat,set-restore-pair,1967.1019799716305,24576,48,120,232,2048
vector,3,65536,uniform,bitformat,equals,39444.665162591264,24576,48,104,104,128
vector,3,65536,uniform,bitformat,slice-copy,7142.739832488587,24576,48,424,640,512
vector,3,65536,uniform,blosc2-1thread,construct-from-list,2790083.0609723926,29068,64,5704,72936,2
vector,3,65536,uniform,blosc2-1thread,get-scalar,110825.50190621987,29068,64,1216,2812,32
vector,3,65536,uniform,blosc2-1thread,to-list,345325.5631029606,29068,64,525608,591296,16
vector,3,65536,uniform,blosc2-1thread,copy,32319.336241926067,29068,64,5200,7192,128
vector,3,65536,uniform,blosc2-1thread,count,534541.7594071478,29068,64,5168,1057450,8
vector,3,65536,uniform,blosc2-1thread,gather-256,122174.46783324704,29068,64,1104,1992,32
vector,3,65536,uniform,blosc2-1thread,sum,446963.50232698023,29068,64,5588,1057913,8
vector,3,65536,uniform,blosc2-1thread,set-restore-pair,3790708.025917411,29068,64,1424,3020,1
vector,3,65536,uniform,blosc2-1thread,equals,633901.1015370488,29068,64,5312,140189,8
vector,3,65536,uniform,blosc2-1thread,slice-copy,112723.937490955,29068,64,34240,34938,32
vector,4,65536,uniform,python-bytes,construct-from-list,200510.44702995569,65536,65569,65673,65673,16
vector,4,65536,uniform,python-bytes,get-scalar,36.58103864268014,65536,65569,56,56,65536
vector,4,65536,uniform,python-bytes,to-list,185968.74724607915,65536,65569,524400,524448,32
vector,4,65536,uniform,python-bytes,copy,4069.579972565407,65536,65569,65673,131266,1024
vector,4,65536,uniform,python-bytes,count,63670.58085743338,65536,65569,84,84,64
vector,4,65536,uniform,python-bytes,gather-256,6551.839760504663,65536,65569,2256,2304,512
vector,4,65536,uniform,python-bytes,sum,169006.5037109889,65536,65569,84,104,32
vector,4,65536,uniform,python-bytes,equals,1913.0449118165416,65536,65569,56,56,2048
vector,4,65536,uniform,python-bytes,slice-copy,715.3320495945081,65536,65569,32857,32857,8192
vector,4,65536,uniform,array-B,construct-from-list,844041.7586825788,65536,65616,65672,65672,4
vector,4,65536,uniform,array-B,get-scalar,39.88774111007842,65536,65616,56,56,65536
vector,4,65536,uniform,array-B,to-list,149674.47350500152,65536,65616,524400,524400,32
vector,4,65536,uniform,array-B,copy,890.055446234328,65536,65616,65672,65672,4096
vector,4,65536,uniform,array-B,count,493859.37745682895,65536,65616,84,84,8
vector,4,65536,uniform,array-B,gather-256,7048.74628354446,65536,65616,2256,2304,512
vector,4,65536,uniform,array-B,sum,187423.18934528157,65536,65616,84,112,32
vector,4,65536,uniform,array-B,set-restore-pair,81.96640166602265,65536,65616,56,56,65536
vector,4,65536,uniform,array-B,equals,20456.21477009263,65536,65616,56,56,256
vector,4,65536,uniform,array-B,slice-copy,666.9056631380954,65536,65616,32904,32904,8192
vector,4,65536,uniform,numpy-u8,construct-from-list,1027041.7551510036,65536,65648,65688,65688,4
vector,4,65536,uniform,numpy-u8,get-scalar,62.650681087461635,65536,65648,56,80,65536
vector,4,65536,uniform,numpy-u8,to-list,233036.50959860533,65536,65648,524400,524400,16
vector,4,65536,uniform,numpy-u8,copy,969.3706033431226,65536,65648,65688,65688,4096
vector,4,65536,uniform,numpy-u8,count,4709.106633526972,65536,65648,136,65785,1024
vector,4,65536,uniform,numpy-u8,gather-256,322.1613695814085,65536,65648,408,408,16384
vector,4,65536,uniform,numpy-u8,sum,13252.605640445836,65536,65648,572,67048,256
vector,4,65536,uniform,numpy-u8,set-restore-pair,128.17383066021648,65536,65648,56,80,32768
vector,4,65536,uniform,numpy-u8,equals,4132.894446229329,65536,65648,208,65937,1024
vector,4,65536,uniform,numpy-u8,slice-copy,902.2522249324538,65536,65648,32920,33016,4096
vector,4,65536,uniform,tightarray-packed,construct-from-list,389442.6336046308,32768,32840,33128,557456,8
vector,4,65536,uniform,tightarray-packed,get-scalar,38.55896224536082,32768,32840,56,56,65536
vector,4,65536,uniform,tightarray-packed,to-list,168065.08938316256,32768,32840,524400,524400,32
vector,4,65536,uniform,tightarray-packed,copy,469.9453199918935,32768,32840,32896,32896,8192
vector,4,65536,uniform,tightarray-packed,count,1332.2856489139667,32768,32840,84,84,4096
vector,4,65536,uniform,tightarray-packed,gather-256,263.66937788679934,32768,32840,256,256,16384
vector,4,65536,uniform,tightarray-packed,sum,291901.05851739645,32768,32840,132,305,16
vector,4,65536,uniform,tightarray-packed,set-restore-pair,72.52311817751433,32768,32840,56,56,65536
vector,4,65536,uniform,tightarray-packed,equals,883.8095482133212,32768,32840,56,56,4096
vector,4,65536,uniform,tightarray-packed,slice-copy,389.7297347066342,32768,32840,16512,16584,8192
vector,4,65536,uniform,tightarray-aligned,construct-from-list,388635.5261784047,32768,32840,33128,557456,8
vector,4,65536,uniform,tightarray-aligned,get-scalar,39.19601354596125,32768,32840,56,56,65536
vector,4,65536,uniform,tightarray-aligned,to-list,170498.6862023361,32768,32840,524400,524400,32
vector,4,65536,uniform,tightarray-aligned,copy,443.34925064504205,32768,32840,32896,32896,8192
vector,4,65536,uniform,tightarray-aligned,count,1353.2002185456804,32768,32840,84,84,4096
vector,4,65536,uniform,tightarray-aligned,gather-256,254.49628537899116,32768,32840,256,256,16384
vector,4,65536,uniform,tightarray-aligned,sum,286307.2440959513,32768,32840,132,305,16
vector,4,65536,uniform,tightarray-aligned,set-restore-pair,72.78124769527494,32768,32840,56,56,65536
vector,4,65536,uniform,tightarray-aligned,equals,888.5398301572422,32768,32840,56,56,4096
vector,4,65536,uniform,tightarray-aligned,slice-copy,402.1606230253383,32768,32840,16512,16584,8192
vector,4,65536,uniform,tightarray-api,construct-from-list,8407875.197008252,32768,80,33432,628176,1
vector,4,65536,uniform,tightarray-api,get-scalar,11474.60943684564,32768,80,640,66473,512
vector,4,65536,uniform,tightarray-api,to-list,247020.8128215745,32768,80,524680,590312,16
vector,4,65536,uniform,tightarray-api,copy,19151.042579323985,32768,80,33432,131633,256
vector,4,65536,uniform,tightarray-api,count,45306.96969595738,32768,80,1136,141689,128
vector,4,65536,uniform,tightarray-api,gather-256,15706.05490996968,32768,80,3024,66953,256
vector,4,65536,uniform,tightarray-api,sum,25450.193788856268,32768,80,900,132985,128
vector,4,65536,uniform,tightarray-api,set-restore-pair,54548457.96339214,32768,80,848,2680240,1
vector,4,65536,uniform,tightarray-api,equals,43269.85981606413,32768,80,1168,197618,128
vector,4,65536,uniform,tightarray-api,slice-copy,17514.972569188103,32768,80,17448,99461,256
vector,4,65536,uniform,bitstring,construct-from-list,165995791.0887897,32768,48,44324,44972,1
vector,4,65536,uniform,bitstring,get-scalar,1838.8876696917578,32768,48,624,1017,2048
vector,4,65536,uniform,bitstring,to-list,96328540.93797505,32768,48,572472,573025,1
vector,4,65536,uniform,bitstring,copy,3403.280288694077,32768,48,33448,66540,1024
vector,4,65536,uniform,bitstring,count,100302832.89961517,32768,48,10084,11281,1
vector,4,65536,uniform,bitstring,gather-256,472557.26531147957,32768,48,12184,12745,8
vector,4,65536,uniform,bitstring,sum,100252125.17939508,32768,48,10012,10801,1
vector,4,65536,uniform,bitstring,set-restore-pair,8972.81825018581,32768,48,808,1201,512
vector,4,65536,uniform,bitstring,equals,1162.821547495696,32768,48,56,120,4096
vector,4,65536,uniform,bitstring,slice-copy,2726.583034018404,32768,48,17064,33776,2048
vector,4,65536,uniform,bitformat,construct-from-list,25357790.989801288,32768,48,1512,10001387,1
vector,4,65536,uniform,bitformat,get-scalar,776.7434340166801,32768,48,120,120,4096
vector,4,65536,uniform,bitformat,to-list,35926833.05032551,32768,48,562544,562760,1
vector,4,65536,uniform,bitformat,copy,16062.98792466987,32768,48,424,668,256
vector,4,65536,uniform,bitformat,count,10321583.13319087,32768,48,156,932,1
vector,4,65536,uniform,bitformat,gather-256,201612.01246082783,32768,48,2320,2432,16
vector,4,65536,uniform,bitformat,sum,9364207.973703742,32768,48,84,452,1
vector,4,65536,uniform,bitformat,set-restore-pair,1963.5209582702373,32768,48,120,232,2048
vector,4,65536,uniform,bitformat,equals,52410.81089479849,32768,48,104,104,64
vector,4,65536,uniform,bitformat,slice-copy,8882.976544555277,32768,48,424,640,512
vector,4,65536,uniform,blosc2-1thread,construct-from-list,2037291.5314510465,35903,64,5704,72936,2
vector,4,65536,uniform,blosc2-1thread,get-scalar,103501.28286518157,35903,64,1216,2812,32
vector,4,65536,uniform,blosc2-1thread,to-list,335286.4441694692,35903,64,525608,591296,16
vector,4,65536,uniform,blosc2-1thread,copy,32192.063372349367,35903,64,5200,7192,128
vector,4,65536,uniform,blosc2-1thread,count,518807.3846511543,35903,64,5168,1057452,8
vector,4,65536,uniform,blosc2-1thread,gather-256,113816.4006988518,35903,64,1104,1992,32
vector,4,65536,uniform,blosc2-1thread,sum,469333.230284974,35903,64,5588,1057913,8
vector,4,65536,uniform,blosc2-1thread,set-restore-pair,2342083.491384983,35903,64,1424,3020,2
vector,4,65536,uniform,blosc2-1thread,equals,622645.893599838,35903,64,5312,140189,8
vector,4,65536,uniform,blosc2-1thread,slice-copy,104316.40112074092,35903,64,34240,34938,32
vector,4,65536,uniform,ml_dtypes-u4,construct-from-list,2110500.0050738454,65536,65648,65688,65688,2
vector,4,65536,uniform,ml_dtypes-u4,get-scalar,66.17355197136021,65536,65648,56,80,65536
vector,4,65536,uniform,ml_dtypes-u4,to-list,195119.7482412681,65536,65648,524400,524400,16
vector,4,65536,uniform,ml_dtypes-u4,copy,1106.1603686357557,65536,65648,65688,65841,4096
vector,4,65536,uniform,ml_dtypes-u4,count,6794.107775931479,65536,65648,136,75291,512
vector,4,65536,uniform,ml_dtypes-u4,gather-256,416.0206401593314,65536,65648,408,561,8192
vector,4,65536,uniform,ml_dtypes-u4,sum,13818.684237776324,65536,65648,572,67313,256
vector,4,65536,uniform,ml_dtypes-u4,set-restore-pair,175.84103773060633,65536,65648,56,80,32768
vector,4,65536,uniform,ml_dtypes-u4,equals,7258.136974996887,65536,65648,208,83796,512
vector,4,65536,uniform,ml_dtypes-u4,slice-copy,943.9492032470298,65536,65648,32920,33169,4096
vector,5,65536,uniform,python-bytes,construct-from-list,197489.57129195333,65536,65569,65673,65673,16
vector,5,65536,uniform,python-bytes,get-scalar,36.63571490619688,65536,65569,56,56,65536
vector,5,65536,uniform,python-bytes,to-list,185468.74343883246,65536,65569,524400,524448,16
vector,5,65536,uniform,python-bytes,copy,3956.379941882915,65536,65569,65673,131266,1024
vector,5,65536,uniform,python-bytes,count,53705.734899267554,65536,65569,84,84,64
vector,5,65536,uniform,python-bytes,gather-256,6674.804808426416,65536,65569,2256,2304,512
vector,5,65536,uniform,python-bytes,sum,173007.8147375025,65536,65569,84,104,32
vector,5,65536,uniform,python-bytes,equals,1932.9633005327196,65536,65569,56,56,2048
vector,5,65536,uniform,python-bytes,slice-copy,731.1655281228013,65536,65569,32857,32857,8192
vector,5,65536,uniform,array-B,construct-from-list,825249.997433275,65536,65616,65672,65672,4
vector,5,65536,uniform,array-B,get-scalar,39.939237694852636,65536,65616,56,56,65536
vector,5,65536,uniform,array-B,to-list,149850.28246883303,65536,65616,524400,524400,32
vector,5,65536,uniform,array-B,copy,916.3918548438232,65536,65616,65672,65672,4096
vector,5,65536,uniform,array-B,count,486281.2638748437,65536,65616,84,84,8
vector,5,65536,uniform,array-B,gather-256,7060.711141093634,65536,65616,2256,2304,512
vector,5,65536,uniform,array-B,sum,187649.74811347201,65536,65616,84,112,32
vector,5,65536,uniform,array-B,set-restore-pair,81.30201578637752,65536,65616,56,56,65536
vector,5,65536,uniform,array-B,equals,20600.097741407808,65536,65616,56,56,256
vector,5,65536,uniform,array-B,slice-copy,667.4244446003286,65536,65616,32904,32904,8192
vector,5,65536,uniform,numpy-u8,construct-from-list,1027395.7159370184,65536,65648,65688,65688,4
vector,5,65536,uniform,numpy-u8,get-scalar,64.0220676473291,65536,65648,56,80,65536
vector,5,65536,uniform,numpy-u8,to-list,237455.7516304776,65536,65648,524400,524400,16
vector,5,65536,uniform,numpy-u8,copy,1062.6628181853448,65536,65648,65688,65688,4096
vector,5,65536,uniform,numpy-u8,count,4852.091706197825,65536,65648,136,65785,1024
vector,5,65536,uniform,numpy-u8,gather-256,330.838560103075,65536,65648,408,408,16384
vector,5,65536,uniform,numpy-u8,sum,13634.7653096891,65536,65648,572,67048,256
vector,5,65536,uniform,numpy-u8,set-restore-pair,126.10117039457691,65536,65648,56,80,32768
vector,5,65536,uniform,numpy-u8,equals,4105.834932488506,65536,65648,208,65937,1024
vector,5,65536,uniform,numpy-u8,slice-copy,859.3852385274658,65536,65648,32920,33016,4096
vector,5,65536,uniform,tightarray-packed,construct-from-list,431416.6435506195,40960,41032,41320,565648,8
vector,5,65536,uniform,tightarray-packed,get-scalar,39.78856000230735,40960,41032,56,56,65536
vector,5,65536,uniform,tightarray-packed,to-list,204109.36849657446,40960,41032,524400,524400,16
vector,5,65536,uniform,tightarray-packed,copy,734.9904933562357,40960,41032,41088,41088,8192
vector,5,65536,uniform,tightarray-packed,count,3286.417950221221,40960,41032,84,84,1024
vector,5,65536,uniform,tightarray-packed,gather-256,363.87122293035645,40960,41032,288,288,16384
vector,5,65536,uniform,tightarray-packed,sum,348192.68330466,40960,41032,132,305,16
vector,5,65536,uniform,tightarray-packed,set-restore-pair,73.06034888188151,40960,41032,56,56,65536
vector,5,65536,uniform,tightarray-packed,equals,1112.2131127194734,40960,41032,56,56,4096
vector,5,65536,uniform,tightarray-packed,slice-copy,452.14844135443855,40960,41032,20608,20680,8192
vector,5,65536,uniform,tightarray-aligned,construct-from-list,390354.2528860271,43696,43768,44056,568384,8
vector,5,65536,uniform,tightarray-aligned,get-scalar,39.39564763300041,43696,43768,56,56,65536
vector,5,65536,uniform,tightarray-aligned,to-list,174351.56041756272,43696,43768,524400,524400,32
vector,5,65536,uniform,tightarray-aligned,copy,596.2320415164868,43696,43768,43824,43824,8192
vector,5,65536,uniform,tightarray-aligned,count,1796.9155123864766,43696,43768,84,84,2048
vector,5,65536,uniform,tightarray-aligned,gather-256,287.01781218387623,43696,43768,304,304,16384
vector,5,65536,uniform,tightarray-aligned,sum,294763.0709968507,43696,43768,132,305,16
vector,5,65536,uniform,tightarray-aligned,set-restore-pair,72.16835129497667,43696,43768,56,56,65536
vector,5,65536,uniform,tightarray-aligned,equals,1190.8061310350604,43696,43768,56,56,4096
vector,5,65536,uniform,tightarray-aligned,slice-copy,668.5180835575011,43696,43768,21976,22048,8192
vector,5,65536,uniform,tightarray-api,construct-from-list,8398541.947826743,40960,80,41624,628176,1
vector,5,65536,uniform,tightarray-api,get-scalar,12705.078916042112,40960,80,640,66473,256
vector,5,65536,uniform,tightarray-api,to-list,250304.68532349914,40960,80,524680,590312,16
vector,5,65536,uniform,tightarray-api,copy,23215.33247595653,40960,80,41624,131633,256
vector,5,65536,uniform,tightarray-api,count,46695.97001338843,40960,80,1136,141689,128
vector,5,65536,uniform,tightarray-api,gather-256,16952.80116109643,40960,80,3024,66953,256
vector,5,65536,uniform,tightarray-api,sum,26894.531401921995,40960,80,900,132985,128
vector,5,65536,uniform,tightarray-api,set-restore-pair,54774916.96365178,40960,80,848,2680240,1
vector,5,65536,uniform,tightarray-api,equals,45952.79642671812,40960,80,1168,197618,128
vector,5,65536,uniform,tightarray-api,slice-copy,20275.554561521858,40960,80,21544,99461,256
vector,5,65536,uniform,bitstring,construct-from-list,166492291.9590026,40960,48,53664,54312,1
vector,5,65536,uniform,bitstring,get-scalar,1851.297838584287,40960,48,624,1017,2048
vector,5,65536,uniform,bitstring,to-list,96752125.07136166,40960,48,572472,573025,1
vector,5,65536,uniform,bitstring,copy,4572.102625388652,40960,48,41640,82924,1024
vector,5,65536,uniform,bitstring,count,100873999.9961108,40960,48,10084,11281,1
vector,5,65536,uniform,bitstring,gather-256,476166.60594940186,40960,48,12184,12745,8
vector,5,65536,uniform,bitstring,sum,101312041.98114574,40960,48,10012,10801,1
vector,5,65536,uniform,bitstring,set-restore-pair,9142.986527876928,40960,48,808,1201,512
vector,5,65536,uniform,bitstring,equals,1385.5080851499224,40960,48,56,120,4096
vector,5,65536,uniform,bitstring,slice-copy,2881.9985118389013,40960,48,21160,41968,2048
vector,5,65536,uniform,bitformat,construct-from-list,26008208.049461246,40960,48,1512,10001387,1
vector,5,65536,uniform,bitformat,get-scalar,769.4091550547455,40960,48,120,120,4096
vector,5,65536,uniform,bitformat,to-list,36270582.815632224,40960,48,562544,562760,1
vector,5,65536,uniform,bitformat,copy,20265.6246983679,40960,48,424,668,256
vector,5,65536,uniform,bitformat,count,10368749.964982271,40960,48,156,932,1
vector,5,65536,uniform,bitformat,gather-256,200947.9358093813,40960,48,2320,2432,16
vector,5,65536,uniform,bitformat,sum,9591416.921466589,40960,48,84,452,1
vector,5,65536,uniform,bitformat,set-restore-pair,1948.709950738703,40960,48,120,232,2048
vector,5,65536,uniform,bitformat,equals,65524.74951604381,40960,48,104,104,64
vector,5,65536,uniform,bitformat,slice-copy,10920.166005234933,40960,48,424,640,512
vector,5,65536,uniform,blosc2-1thread,construct-from-list,1348687.510471791,41269,64,5704,72936,4
vector,5,65536,uniform,blosc2-1thread,get-scalar,62060.54604263045,41269,64,1216,2812,64
vector,5,65536,uniform,blosc2-1thread,to-list,300023.44283275306,41269,64,525608,591296,16
vector,5,65536,uniform,blosc2-1thread,copy,32974.608984659426,41269,64,5200,7192,128
vector,5,65536,uniform,blosc2-1thread,count,496489.63613435626,41269,64,5168,1057452,8
vector,5,65536,uniform,blosc2-1thread,gather-256,71781.25088103116,41269,64,1104,1992,64
vector,5,65536,uniform,blosc2-1thread,sum,407572.89389148355,41269,64,5588,1057913,8
vector,5,65536,uniform,blosc2-1thread,set-restore-pair,834989.4778802991,41269,64,1424,3020,4
vector,5,65536,uniform,blosc2-1thread,equals,534609.3967091292,41269,64,5312,140189,8
vector,5,65536,uniform,blosc2-1thread,slice-copy,62721.99971135706,41269,64,34240,34938,64
vector,6,65536,uniform,python-bytes,construct-from-list,197916.68455582112,65536,65569,65673,65673,16
vector,6,65536,uniform,python-bytes,get-scalar,37.228897298291486,65536,65569,56,56,65536
vector,6,65536,uniform,python-bytes,to-list,185596.37828730047,65536,65569,524400,524448,16
vector,6,65536,uniform,python-bytes,copy,4148.559582972666,65536,65569,65673,131266,1024
vector,6,65536,uniform,python-bytes,count,47998.70293936692,65536,65569,84,84,64
vector,6,65536,uniform,python-bytes,gather-256,6646.566362178419,65536,65569,2256,2304,512
vector,6,65536,uniform,python-bytes,sum,173188.78235528246,65536,65569,84,104,32
vector,6,65536,uniform,python-bytes,equals,1929.260292854451,65536,65569,56,56,2048
vector,6,65536,uniform,python-bytes,slice-copy,726.9694890510436,65536,65569,32857,32857,8192
vector,6,65536,uniform,array-B,construct-from-list,788229.2848080397,65536,65616,65672,65672,4
vector,6,65536,uniform,array-B,get-scalar,39.610537072576335,65536,65616,56,56,65536
vector,6,65536,uniform,array-B,to-list,149467.43613108993,65536,65616,524400,524400,32
vector,6,65536,uniform,array-B,copy,889.9433510123345,65536,65616,65672,65672,4096
vector,6,65536,uniform,array-B,count,482755.24750351906,65536,65616,84,84,8
vector,6,65536,uniform,array-B,gather-256,7068.847935443046,65536,65616,2256,2304,512
vector,6,65536,uniform,array-B,sum,187406.24363999814,65536,65616,84,112,16
vector,6,65536,uniform,array-B,set-restore-pair,82.02235335375008,65536,65616,56,56,65536
vector,6,65536,uniform,array-B,equals,20884.601326542906,65536,65616,56,56,256
vector,6,65536,uniform,array-B,slice-copy,687.1185291856818,65536,65616,32904,32904,8192
vector,6,65536,uniform,numpy-u8,construct-from-list,1038541.7263023555,65536,65648,65688,65688,4
vector,6,65536,uniform,numpy-u8,get-scalar,63.93876361698858,65536,65648,56,80,65536
vector,6,65536,uniform,numpy-u8,to-list,237494.75076328963,65536,65648,524400,524400,16
vector,6,65536,uniform,numpy-u8,copy,1084.2082360795757,65536,65648,65688,65688,4096
vector,6,65536,uniform,numpy-u8,count,4850.179720961023,65536,65648,136,65785,1024
vector,6,65536,uniform,numpy-u8,gather-256,329.00750568387593,65536,65648,408,408,16384
vector,6,65536,uniform,numpy-u8,sum,13618.976481666323,65536,65648,572,67048,256
vector,6,65536,uniform,numpy-u8,set-restore-pair,126.16222733186078,65536,65648,56,80,32768
vector,6,65536,uniform,numpy-u8,equals,4094.8896185000194,65536,65648,208,65937,1024
vector,6,65536,uniform,numpy-u8,slice-copy,830.413796393259,65536,65648,32920,33016,4096
vector,6,65536,uniform,tightarray-packed,construct-from-list,428385.36319322884,49152,49224,49512,573840,8
vector,6,65536,uniform,tightarray-packed,get-scalar,39.72689910369809,49152,49224,56,56,65536
vector,6,65536,uniform,tightarray-packed,to-list,216940.12684747577,49152,49224,524400,524400,16
vector,6,65536,uniform,tightarray-packed,copy,760.63037113272,49152,49224,49280,49280,4096
vector,6,65536,uniform,tightarray-packed,count,3228.393552490161,49152,49224,84,84,1024
vector,6,65536,uniform,tightarray-packed,gather-256,378.25014942427515,49152,49224,320,320,8192
vector,6,65536,uniform,tightarray-packed,sum,350197.937223129,49152,49224,132,305,16
vector,6,65536,uniform,tightarray-packed,set-restore-pair,72.5803381840251,49152,49224,56,56,65536
vector,6,65536,uniform,tightarray-packed,equals,1324.1679539532925,49152,49224,56,56,4096
vector,6,65536,uniform,tightarray-packed,slice-copy,533.5338357781438,49152,49224,24704,24776,8192
vector,6,65536,uniform,tightarray-aligned,construct-from-list,391697.86032289267,52432,52504,52792,577120,8
vector,6,65536,uniform,tightarray-aligned,get-scalar,39.26403735476924,52432,52504,56,56,65536
vector,6,65536,uniform,tightarray-aligned,to-list,179943.99968301877,52432,52504,524400,524400,32
vector,6,65536,uniform,tightarray-aligned,copy,712.1887222183432,52432,52504,52560,52560,8192
vector,6,65536,uniform,tightarray-aligned,count,2102.7626644354314,52432,52504,84,84,2048
vector,6,65536,uniform,tightarray-aligned,gather-256,300.25994135485234,52432,52504,336,336,16384
vector,6,65536,uniform,tightarray-aligned,sum,299002.6259794831,52432,52504,132,305,16
vector,6,65536,uniform,tightarray-aligned,set-restore-pair,72.7984144077709,52432,52504,56,56,65536
vector,6,65536,uniform,tightarray-aligned,equals,1435.1501249620924,52432,52504,56,56,4096
vector,6,65536,uniform,tightarray-aligned,slice-copy,774.9839028292627,52432,52504,26344,26416,4096
vector,6,65536,uniform,tightarray-api,construct-from-list,8385916.939005256,49152,80,49816,628176,1
vector,6,65536,uniform,tightarray-api,get-scalar,14973.632460169028,49152,80,640,66473,256
vector,6,65536,uniform,tightarray-api,to-list,251723.93361572176,49152,80,524680,590312,16
vector,6,65536,uniform,tightarray-api,copy,25621.42071838025,49152,80,49816,131633,128
vector,6,65536,uniform,tightarray-api,count,48041.67110705748,49152,80,1136,141689,64
vector,6,65536,uniform,tightarray-api,gather-256,19208.17157952115,49152,80,3024,66953,256
vector,6,65536,uniform,tightarray-api,sum,29003.906092839316,49152,80,900,132985,128
vector,6,65536,uniform,tightarray-api,set-restore-pair,54565709.084272385,49152,80,848,2680240,1
vector,6,65536,uniform,tightarray-api,equals,50211.59449825063,49152,80,1168,197618,64
vector,6,65536,uniform,tightarray-api,slice-copy,22690.757759846747,49152,80,25640,99461,256
vector,6,65536,uniform,bitstring,construct-from-list,167805999.98310208,49152,48,62316,62964,1
vector,6,65536,uniform,bitstring,get-scalar,1823.0185787615483,49152,48,624,1017,2048
vector,6,65536,uniform,bitstring,to-list,96717667.06742346,49152,48,572472,573025,1
vector,6,65536,uniform,bitstring,copy,5417.846750788158,49152,48,49832,99308,1024
vector,6,65536,uniform,bitstring,count,101974665.88579118,49152,48,10084,11281,1
vector,6,65536,uniform,bitstring,gather-256,466744.76470798254,49152,48,12184,12745,8
vector,6,65536,uniform,bitstring,sum,100864375.01013279,49152,48,10012,10801,1
vector,6,65536,uniform,bitstring,set-restore-pair,9155.681709671626,49152,48,808,1201,512
vector,6,65536,uniform,bitstring,equals,1629.3130329358974,49152,48,56,120,2048
vector,6,65536,uniform,bitstring,slice-copy,3213.948275515577,49152,48,25256,50160,1024
vector,6,65536,uniform,bitformat,construct-from-list,25864500.08675456,49152,48,1512,10001387,1
vector,6,65536,uniform,bitformat,get-scalar,813.5680786836019,49152,48,120,120,4096
vector,6,65536,uniform,bitformat,to-list,36233457.969501615,49152,48,562544,562760,1
vector,6,65536,uniform,bitformat,copy,23652.999516343698,49152,48,424,668,128
vector,6,65536,uniform,bitformat,count,10403749.998658895,49152,48,156,932,1
vector,6,65536,uniform,bitformat,gather-256,199559.87227149308,49152,48,2320,2432,16
vector,6,65536,uniform,bitformat,sum,9613249.9165833,49152,48,84,452,1
vector,6,65536,uniform,bitformat,set-restore-pair,1984.8023384838598,49152,48,120,232,2048
vector,6,65536,uniform,bitformat,equals,80082.68923731521,49152,48,104,104,64
vector,6,65536,uniform,bitformat,slice-copy,12605.304618773516,49152,48,424,640,256
vector,6,65536,uniform,blosc2-1thread,construct-from-list,1129145.734012127,49283,64,5704,72936,4
vector,6,65536,uniform,blosc2-1thread,get-scalar,90999.34322875924,49283,64,1216,2812,64
vector,6,65536,uniform,blosc2-1thread,to-list,333528.6892252043,49283,64,525608,591296,16
vector,6,65536,uniform,blosc2-1thread,copy,32857.420592335984,49283,64,5200,7192,128
vector,6,65536,uniform,blosc2-1thread,count,508708.3554826677,49283,64,5168,1057452,8
vector,6,65536,uniform,blosc2-1thread,gather-256,97514.31207405403,49283,64,1104,1992,32
vector,6,65536,uniform,blosc2-1thread,sum,484505.1153097302,49283,64,5588,1057913,8
vector,6,65536,uniform,blosc2-1thread,set-restore-pair,390020.8685081452,49283,64,1424,3020,8
vector,6,65536,uniform,blosc2-1thread,equals,604390.6323611736,49283,64,5312,140189,8
vector,6,65536,uniform,blosc2-1thread,slice-copy,89391.9204827398,49283,64,34240,34938,64
vector,7,65536,uniform,python-bytes,construct-from-list,199125.00283680856,65536,65569,65673,65673,16
vector,7,65536,uniform,python-bytes,get-scalar,37.48703036876577,65536,65569,56,56,65536
vector,7,65536,uniform,python-bytes,to-list,188848.93506765366,65536,65569,524400,524448,16
vector,7,65536,uniform,python-bytes,copy,3960.205276598572,65536,65569,65673,131266,1024
vector,7,65536,uniform,python-bytes,count,45179.68773143366,65536,65569,84,84,128
vector,7,65536,uniform,python-bytes,gather-256,6601.400400541024,65536,65569,2256,2304,512
vector,7,65536,uniform,python-bytes,sum,173428.3723635599,65536,65569,84,104,32
vector,7,65536,uniform,python-bytes,equals,1938.27293060167,65536,65569,56,56,2048
vector,7,65536,uniform,python-bytes,slice-copy,728.9581276381796,65536,65569,32857,32857,8192
vector,7,65536,uniform,array-B,construct-from-list,844500.0275969505,65536,65616,65672,65672,4
vector,7,65536,uniform,array-B,get-scalar,39.76377627168404,65536,65616,56,56,65536
vector,7,65536,uniform,array-B,to-list,149432.2787038982,65536,65616,524400,524400,32
vector,7,65536,uniform,array-B,copy,905.5885925590701,65536,65616,65672,65672,4096
vector,7,65536,uniform,array-B,count,476822.8973262012,65536,65616,84,84,8
vector,7,65536,uniform,array-B,gather-256,7052.327873680042,65536,65616,2256,2304,512
vector,7,65536,uniform,array-B,sum,185246.09185988083,65536,65616,84,112,32
vector,7,65536,uniform,array-B,set-restore-pair,81.9746546198985,65536,65616,56,56,65536
vector,7,65536,uniform,array-B,equals,20885.90645143995,65536,65616,56,56,256
vector,7,65536,uniform,array-B,slice-copy,662.6586923630384,65536,65616,32904,32904,8192
vector,7,65536,uniform,numpy-u8,construct-from-list,1027124.9921061099,65536,65648,65688,65688,4
vector,7,65536,uniform,numpy-u8,get-scalar,63.9826502890628,65536,65648,56,80,65536
vector,7,65536,uniform,numpy-u8,to-list,235958.31589773297,65536,65648,524400,524400,16
vector,7,65536,uniform,numpy-u8,copy,1007.6293506244838,65536,65648,65688,65688,4096
vector,7,65536,uniform,numpy-u8,count,4806.640617971425,65536,65648,136,65785,1024
vector,7,65536,uniform,numpy-u8,gather-256,328.2012954741731,65536,65648,408,408,16384
vector,7,65536,uniform,numpy-u8,sum,13600.749298348092,65536,65648,572,67048,256
vector,7,65536,uniform,numpy-u8,set-restore-pair,125.67776508376483,65536,65648,56,80,32768
vector,7,65536,uniform,numpy-u8,equals,4086.832859684364,65536,65648,208,65937,1024
vector,7,65536,uniform,numpy-u8,slice-copy,869.3747304278077,65536,65648,32920,33016,4096
vector,7,65536,uniform,tightarray-packed,construct-from-list,443703.1166162342,57344,57416,57704,582032,8
vector,7,65536,uniform,tightarray-packed,get-scalar,39.865494017021774,57344,57416,56,56,65536
vector,7,65536,uniform,tightarray-packed,to-list,207020.8138320595,57344,57416,524400,524400,16
vector,7,65536,uniform,tightarray-packed,copy,740.2038590953453,57344,57416,57472,57472,4096
vector,7,65536,uniform,tightarray-packed,count,3272.624098826782,57344,57416,84,84,1024
vector,7,65536,uniform,tightarray-packed,gather-256,366.6203554075764,57344,57416,352,352,16384
vector,7,65536,uniform,tightarray-packed,sum,366398.4389277175,57344,57416,132,305,16
vector,7,65536,uniform,tightarray-packed,set-restore-pair,72.36416621481112,57344,57416,56,56,65536
vector,7,65536,uniform,tightarray-packed,equals,1569.1123280703323,57344,57416,56,56,2048
vector,7,65536,uniform,tightarray-packed,slice-copy,569.1121884865424,57344,57416,28800,28872,8192
vector,7,65536,uniform,tightarray-aligned,construct-from-list,396234.3616876751,58256,58328,58616,582944,8
vector,7,65536,uniform,tightarray-aligned,get-scalar,40.03143416753119,58256,58328,56,56,65536
vector,7,65536,uniform,tightarray-aligned,to-list,191427.06878483295,58256,58328,524400,524400,16
vector,7,65536,uniform,tightarray-aligned,copy,781.5043545633671,58256,58328,58384,58384,4096
vector,7,65536,uniform,tightarray-aligned,count,2373.393044763361,58256,58328,84,84,2048
vector,7,65536,uniform,tightarray-aligned,gather-256,318.24750124087586,58256,58328,360,360,16384
vector,7,65536,uniform,tightarray-aligned,sum,311338.56100495905,58256,58328,132,305,16
vector,7,65536,uniform,tightarray-aligned,set-restore-pair,73.19705375152807,58256,58328,56,56,65536
vector,7,65536,uniform,tightarray-aligned,equals,1613.5459190991241,58256,58328,56,56,2048
vector,7,65536,uniform,tightarray-aligned,slice-copy,852.335688250605,58256,58328,29256,29328,4096
vector,7,65536,uniform,tightarray-api,construct-from-list,8390958.88659358,57344,80,58008,628176,1
vector,7,65536,uniform,tightarray-api,get-scalar,15985.351637937129,57344,80,640,66473,256
vector,7,65536,uniform,tightarray-api,to-list,252661.4407543093,57344,80,524680,590312,16
vector,7,65536,uniform,tightarray-api,copy,27355.796191841364,57344,80,58008,131633,128
vector,7,65536,uniform,tightarray-api,count,49684.8915645387,57344,80,1136,141689,64
vector,7,65536,uniform,tightarray-api,gather-256,20111.816411372274,57344,80,3024,66953,256
vector,7,65536,uniform,tightarray-api,sum,30415.367291425355,57344,80,900,132985,128
vector,7,65536,uniform,tightarray-api,set-restore-pair,55030624.847859144,57344,80,848,2680240,1
vector,7,65536,uniform,tightarray-api,equals,52244.14053373039,57344,80,1168,197618,64
vector,7,65536,uniform,tightarray-api,slice-copy,23839.84246989712,57344,80,29736,99461,128
vector,7,65536,uniform,bitstring,construct-from-list,166854750.1321882,57344,48,69024,69672,1
vector,7,65536,uniform,bitstring,get-scalar,1838.1147128820885,57344,48,624,1017,2048
vector,7,65536,uniform,bitstring,to-list,96646707.970649,57344,48,572472,573025,1
vector,7,65536,uniform,bitstring,copy,6855.2244556485675,57344,48,58024,115692,512
vector,7,65536,uniform,bitstring,count,101780292.11238027,57344,48,10084,11281,1
vector,7,65536,uniform,bitstring,gather-256,467755.1332861185,57344,48,12184,12745,8
vector,7,65536,uniform,bitstring,sum,101137416.90292954,57344,48,10012,10801,1
vector,7,65536,uniform,bitstring,set-restore-pair,9180.337656289339,57344,48,808,1201,512
vector,7,65536,uniform,bitstring,equals,1868.7744613998802,57344,48,56,120,2048
vector,7,65536,uniform,bitstring,slice-copy,3278.401436546119,57344,48,29352,58352,1024
vector,7,65536,uniform,bitformat,construct-from-list,25791249.936446548,57344,48,1512,10001387,1
vector,7,65536,uniform,bitformat,get-scalar,775.4821922389965,57344,48,120,120,4096
vector,7,65536,uniform,bitformat,to-list,35405790.89894891,57344,48,562544,562760,1
vector,7,65536,uniform,bitformat,copy,26795.898520504124,57344,48,424,668,128
vector,7,65536,uniform,bitformat,count,10169124.929234385,57344,48,156,932,1
vector,7,65536,uniform,bitformat,gather-256,197067.75492522866,57344,48,2320,2432,16
vector,7,65536,uniform,bitformat,sum,9358459.152281284,57344,48,84,452,1
vector,7,65536,uniform,bitformat,set-restore-pair,2024.780314968666,57344,48,120,232,2048
vector,7,65536,uniform,bitformat,equals,91653.00070890225,57344,48,104,104,64
vector,7,65536,uniform,bitformat,slice-copy,14268.390259530861,57344,48,424,640,256
vector,7,65536,uniform,blosc2-1thread,construct-from-list,1130583.230406046,57507,64,5704,72936,4
vector,7,65536,uniform,blosc2-1thread,get-scalar,80394.5331426803,57507,64,1216,2812,64
vector,7,65536,uniform,blosc2-1thread,to-list,318974.00913294405,57507,64,525608,591296,16
vector,7,65536,uniform,blosc2-1thread,copy,33380.203603883274,57507,64,5200,7192,128
vector,7,65536,uniform,blosc2-1thread,count,500437.4834243208,57507,64,5168,1057454,8
vector,7,65536,uniform,blosc2-1thread,gather-256,89847.01707959175,57507,64,1104,1992,64
vector,7,65536,uniform,blosc2-1thread,sum,423802.1210767329,57507,64,5588,1057913,8
vector,7,65536,uniform,blosc2-1thread,set-restore-pair,371408.8234119117,57507,64,1424,3020,16
vector,7,65536,uniform,blosc2-1thread,equals,586874.9867659062,57507,64,5312,140189,8
vector,7,65536,uniform,blosc2-1thread,slice-copy,81155.59467114508,57507,64,34240,34938,64
vector,8,65536,uniform,python-bytes,construct-from-list,198776.06246154755,65536,65569,65673,65673,16
vector,8,65536,uniform,python-bytes,get-scalar,37.31791764494119,65536,65569,56,56,65536
vector,8,65536,uniform,python-bytes,to-list,189700.49859490246,65536,65569,524400,524448,16
vector,8,65536,uniform,python-bytes,copy,4073.486479683197,65536,65569,65673,131266,1024
vector,8,65536,uniform,python-bytes,count,43286.13249526825,65536,65569,84,84,128
vector,8,65536,uniform,python-bytes,gather-256,6666.177796432748,65536,65569,2256,2304,512
vector,8,65536,uniform,python-bytes,sum,173653.6214593798,65536,65569,84,104,32
vector,8,65536,uniform,python-bytes,equals,1913.4521380692604,65536,65569,56,56,2048
vector,8,65536,uniform,python-bytes,slice-copy,729.949931610463,65536,65569,32857,32857,4096
vector,8,65536,uniform,array-B,construct-from-list,793552.2589832544,65536,65616,65672,65672,4
vector,8,65536,uniform,array-B,get-scalar,39.684934449724096,65536,65616,56,56,65536
vector,8,65536,uniform,array-B,to-list,149390.6311225146,65536,65616,524400,524400,32
vector,8,65536,uniform,array-B,copy,918.5180260828929,65536,65616,65672,65672,4096
vector,8,65536,uniform,array-B,count,478786.50366328657,65536,65616,84,84,8
vector,8,65536,uniform,array-B,gather-256,7029.623247944983,65536,65616,2256,2304,512
vector,8,65536,uniform,array-B,sum,187283.8765848428,65536,65616,84,112,32
vector,8,65536,uniform,array-B,set-restore-pair,84.00025919286236,65536,65616,56,56,65536
vector,8,65536,uniform,array-B,equals,21129.070773895364,65536,65616,56,56,256
vector,8,65536,uniform,array-B,slice-copy,673.1923747338442,65536,65616,32904,32904,8192
vector,8,65536,uniform,numpy-u8,construct-from-list,1033645.9963582456,65536,65648,65688,65688,4
vector,8,65536,uniform,numpy-u8,get-scalar,64.2751025736743,65536,65648,56,80,65536
vector,8,65536,uniform,numpy-u8,to-list,237265.630858019,65536,65648,524400,524400,16
vector,8,65536,uniform,numpy-u8,copy,1044.6472060721135,65536,65648,65688,65688,4096
vector,8,65536,uniform,numpy-u8,count,4805.501930604805,65536,65648,136,65785,1024
vector,8,65536,uniform,numpy-u8,gather-256,330.0297919395234,65536,65648,408,408,16384
vector,8,65536,uniform,numpy-u8,sum,13609.698726213537,65536,65648,572,67048,256
vector,8,65536,uniform,numpy-u8,set-restore-pair,125.89264031248604,65536,65648,56,80,32768
vector,8,65536,uniform,numpy-u8,equals,4140.86912314815,65536,65648,208,65937,1024
vector,8,65536,uniform,numpy-u8,slice-copy,862.8845193925372,65536,65648,32920,33016,4096
vector,8,65536,uniform,tightarray-packed,construct-from-list,396109.3898396939,65536,65608,65896,590224,8
vector,8,65536,uniform,tightarray-packed,get-scalar,39.16359148092852,65536,65608,56,56,65536
vector,8,65536,uniform,tightarray-packed,to-list,170561.18667824194,65536,65608,524400,524400,32
vector,8,65536,uniform,tightarray-packed,copy,843.1296123490029,65536,65608,65664,65664,4096
vector,8,65536,uniform,tightarray-packed,count,2660.400355125603,65536,65608,84,84,2048
vector,8,65536,uniform,tightarray-packed,gather-256,269.6279324254647,65536,65608,384,384,16384
vector,8,65536,uniform,tightarray-packed,sum,291440.12660253793,65536,65608,132,305,16
vector,8,65536,uniform,tightarray-packed,set-restore-pair,72.5498203735242,65536,65608,56,56,65536
vector,8,65536,uniform,tightarray-packed,equals,1793.375531633501,65536,65608,56,56,2048
vector,8,65536,uniform,tightarray-packed,slice-copy,666.3411795670982,65536,65608,32896,32968,8192
vector,8,65536,uniform,tightarray-aligned,construct-from-list,396624.9933000654,65536,65608,65896,590224,8
vector,8,65536,uniform,tightarray-aligned,get-scalar,39.39883441717029,65536,65608,56,56,65536
vector,8,65536,uniform,tightarray-aligned,to-list,170212.21719915047,65536,65608,524400,524400,32
vector,8,65536,uniform,tightarray-aligned,copy,867.5334584040684,65536,65608,65664,65664,4096
vector,8,65536,uniform,tightarray-aligned,count,2661.2343617671286,65536,65608,84,84,2048
vector,8,65536,uniform,tightarray-aligned,gather-256,254.54461649587756,65536,65608,384,384,16384
vector,8,65536,uniform,tightarray-aligned,sum,292856.81375768036,65536,65608,132,305,16
vector,8,65536,uniform,tightarray-aligned,set-restore-pair,72.86007530638017,65536,65608,56,56,65536
vector,8,65536,uniform,tightarray-aligned,equals,1790.2221998156165,65536,65608,56,56,2048
vector,8,65536,uniform,tightarray-aligned,slice-copy,658.5184451068926,65536,65608,32896,32968,8192
vector,8,65536,uniform,tightarray-api,construct-from-list,8414375.130087137,65536,80,66200,628176,1
vector,8,65536,uniform,tightarray-api,get-scalar,3632.4463508208282,65536,80,640,66473,1024
vector,8,65536,uniform,tightarray-api,to-list,240924.4334558025,65536,80,524680,590312,16
vector,8,65536,uniform,tightarray-api,copy,10303.3044069889,65536,80,66200,132000,512
vector,8,65536,uniform,tightarray-api,count,38011.71806117054,65536,80,1136,141689,128
vector,8,65536,uniform,tightarray-api,gather-256,8093.099495454226,65536,80,3024,66953,512
vector,8,65536,uniform,tightarray-api,sum,18132.48854887206,65536,80,900,132985,256
vector,8,65536,uniform,tightarray-api,set-restore-pair,55127583.90977979,65536,80,848,2680240,1
vector,8,65536,uniform,tightarray-api,equals,27943.031454924494,65536,80,1168,197618,128
vector,8,65536,uniform,tightarray-api,slice-copy,8925.617294153199,65536,80,33832,99461,512
vector,8,65536,uniform,bitstring,construct-from-list,166889790.91122746,65536,48,76596,77244,1
vector,8,65536,uniform,bitstring,get-scalar,1822.408194129821,65536,48,624,1017,2048
vector,8,65536,uniform,bitstring,to-list,95777957.93302357,65536,48,572472,573025,1
vector,8,65536,uniform,bitstring,copy,8697.103567101294,65536,48,66216,132076,512
vector,8,65536,uniform,bitstring,count,100905041.9088453,65536,48,10084,11281,1
vector,8,65536,uniform,bitstring,gather-256,464062.49748542905,65536,48,12184,12745,8
vector,8,65536,uniform,bitstring,sum,99781707.86052942,65536,48,10012,10801,1
vector,8,65536,uniform,bitstring,set-restore-pair,9165.8512246795,65536,48,808,1201,512
vector,8,65536,uniform,bitstring,equals,2116.0889218663215,65536,48,56,120,2048
vector,8,65536,uniform,bitstring,slice-copy,3543.701041053282,65536,48,33448,66544,1024
vector,8,65536,uniform,bitformat,construct-from-list,25888459.058478475,65536,48,1512,10001387,1
vector,8,65536,uniform,bitformat,get-scalar,786.5803581807995,65536,48,120,120,4096
vector,8,65536,uniform,bitformat,to-list,34624041.98944569,65536,48,562544,562760,1
vector,8,65536,uniform,bitformat,copy,29914.062906755134,65536,48,424,668,128
vector,8,65536,uniform,bitformat,count,9821624.960750341,65536,48,156,932,1
vector,8,65536,uniform,bitformat,gather-256,195739.55796658993,65536,48,2320,2432,16
vector,8,65536,uniform,bitformat,sum,9066042.02464223,65536,48,84,452,1
vector,8,65536,uniform,bitformat,set-restore-pair,1990.1533505617408,65536,48,120,232,2048
vector,8,65536,uniform,bitformat,equals,105139.31192690507,65536,48,104,104,32
vector,8,65536,uniform,bitformat,slice-copy,16061.359929153696,65536,48,424,640,256
vector,8,65536,uniform,blosc2-1thread,construct-from-list,1095218.7585644424,65600,64,5704,72936,4
vector,8,65536,uniform,blosc2-1thread,get-scalar,9672.281521488912,65600,64,1216,2812,512
vector,8,65536,uniform,blosc2-1thread,to-list,248434.93883963674,65600,64,525608,591296,16
vector,8,65536,uniform,blosc2-1thread,copy,33778.31853867974,65600,64,5200,7192,128
vector,8,65536,uniform,blosc2-1thread,count,435817.7538961172,65600,64,5168,1057454,8
vector,8,65536,uniform,blosc2-1thread,gather-256,20254.234186722897,65600,64,1104,1992,256
vector,8,65536,uniform,blosc2-1thread,sum,334945.3036207706,65600,64,5588,1057913,16
vector,8,65536,uniform,blosc2-1thread,set-restore-pair,84624.99681627378,65600,64,1424,3020,64
vector,8,65536,uniform,blosc2-1thread,equals,439562.5146571547,65600,64,5312,140189,8
vector,8,65536,uniform,blosc2-1thread,slice-copy,11739.990441128612,65600,64,34240,34938,512
vector,1,65536,skewed,python-bytes,construct-from-list,198630.1940632984,65536,65569,65673,65673,16
vector,1,65536,skewed,python-bytes,get-scalar,37.66886891298782,65536,65569,56,56,65536
vector,1,65536,skewed,python-bytes,to-list,187549.49269350618,65536,65569,524400,524448,16
vector,1,65536,skewed,python-bytes,copy,3401.489266252611,65536,65569,65673,131266,1024
vector,1,65536,skewed,python-bytes,count,51186.84202898294,65536,65569,84,84,64
vector,1,65536,skewed,python-bytes,gather-256,6540.771664731437,65536,65569,2256,2304,512
vector,1,65536,skewed,python-bytes,sum,181135.40136255324,65536,65569,84,104,32
vector,1,65536,skewed,python-bytes,equals,1949.2998717396404,65536,65569,56,56,2048
vector,1,65536,skewed,python-bytes,slice-copy,718.4650883118593,65536,65569,32857,32857,8192
vector,1,65536,skewed,array-B,construct-from-list,802062.5100471079,65536,65616,65672,65672,4
vector,1,65536,skewed,array-B,get-scalar,39.97230635377491,65536,65616,56,56,65536
vector,1,65536,skewed,array-B,to-list,149549.46527723223,65536,65616,524400,524400,32
vector,1,65536,skewed,array-B,copy,888.1225426193851,65536,65616,65672,65672,4096
vector,1,65536,skewed,array-B,count,483317.6208194345,65536,65616,84,84,8
vector,1,65536,skewed,array-B,gather-256,7018.880751274992,65536,65616,2256,2304,512
vector,1,65536,skewed,array-B,sum,186958.30658543855,65536,65616,84,112,32
vector,1,65536,skewed,array-B,set-restore-pair,82.44705185234125,65536,65616,56,56,65536
vector,1,65536,skewed,array-B,equals,20856.60889861174,65536,65616,56,56,256
vector,1,65536,skewed,array-B,slice-copy,644.5007443289796,65536,65616,32904,32904,8192
vector,1,65536,skewed,numpy-u8,construct-from-list,1026104.2625643313,65536,65648,65688,65688,4
vector,1,65536,skewed,numpy-u8,get-scalar,64.27509902096062,65536,65648,56,80,65536
vector,1,65536,skewed,numpy-u8,to-list,235307.30686616153,65536,65648,524400,524400,16
vector,1,65536,skewed,numpy-u8,copy,1006.6833624478022,65536,65648,65688,65688,4096
vector,1,65536,skewed,numpy-u8,count,4791.218771060812,65536,65648,136,65785,1024
vector,1,65536,skewed,numpy-u8,gather-256,329.1931136573112,65536,65648,408,408,16384
vector,1,65536,skewed,numpy-u8,sum,13615.074749395717,65536,65648,572,67048,256
vector,1,65536,skewed,numpy-u8,set-restore-pair,126.09353916559485,65536,65648,56,80,32768
vector,1,65536,skewed,numpy-u8,equals,4158.16225540766,65536,65648,208,65937,1024
vector,1,65536,skewed,numpy-u8,slice-copy,869.6186455381394,65536,65648,32920,33016,4096
vector,1,65536,skewed,tightarray-packed,construct-from-list,394551.98566429317,8192,8264,8552,532880,8
vector,1,65536,skewed,tightarray-packed,get-scalar,39.16041535489967,8192,8264,56,56,65536
vector,1,65536,skewed,tightarray-packed,to-list,170186.18382280692,8192,8264,524400,524400,32
vector,1,65536,skewed,tightarray-packed,copy,174.60632051324865,8192,8264,8320,8320,32768
vector,1,65536,skewed,tightarray-packed,count,249.8601645584131,8192,8264,84,84,16384
vector,1,65536,skewed,tightarray-packed,gather-256,215.71857189428556,8192,8264,160,160,16384
vector,1,65536,skewed,tightarray-packed,sum,290416.632196866,8192,8264,132,305,16
vector,1,65536,skewed,tightarray-packed,set-restore-pair,72.30186582773968,8192,8264,56,56,65536
vector,1,65536,skewed,tightarray-packed,equals,269.88982426701114,8192,8264,56,56,16384
vector,1,65536,skewed,tightarray-packed,slice-copy,158.88723936541282,8192,8264,4224,4296,32768
vector,1,65536,skewed,tightarray-aligned,construct-from-list,395786.5119446069,8192,8264,8552,532880,8
vector,1,65536,skewed,tightarray-aligned,get-scalar,39.16549928817403,8192,8264,56,56,65536
vector,1,65536,skewed,tightarray-aligned,to-list,170401.057403069,8192,8264,524400,524400,32
vector,1,65536,skewed,tightarray-aligned,copy,178.64098822428787,8192,8264,8320,8320,32768
vector,1,65536,skewed,tightarray-aligned,count,248.7691688202176,8192,8264,84,84,16384
vector,1,65536,skewed,tightarray-aligned,gather-256,290.25775916124985,8192,8264,160,160,16384
vector,1,65536,skewed,tightarray-aligned,sum,290364.6236518398,8192,8264,132,305,16
vector,1,65536,skewed,tightarray-aligned,set-restore-pair,72.19950859393975,8192,8264,56,56,65536
vector,1,65536,skewed,tightarray-aligned,equals,273.0916719428933,8192,8264,56,56,16384
vector,1,65536,skewed,tightarray-aligned,slice-copy,186.31745035690983,8192,8264,4224,4296,16384
vector,1,65536,skewed,tightarray-api,construct-from-list,8386875.037103891,8192,80,8856,628176,1
vector,1,65536,skewed,tightarray-api,get-scalar,8498.859642713796,8192,80,640,66473,512
vector,1,65536,skewed,tightarray-api,to-list,243671.87870666385,8192,80,524680,590312,16
vector,1,65536,skewed,tightarray-api,copy,16399.249943788163,8192,80,8856,131633,256
vector,1,65536,skewed,tightarray-api,count,42456.38228894677,8192,80,1136,141689,128
vector,1,65536,skewed,tightarray-api,gather-256,12758.625416608993,8192,80,3024,66953,256
vector,1,65536,skewed,tightarray-api,sum,22633.300432062242,8192,80,900,132985,256
vector,1,65536,skewed,tightarray-api,set-restore-pair,54223167.011514306,8192,80,848,2680240,1
vector,1,65536,skewed,tightarray-api,equals,37556.31223611999,8192,80,1168,197618,128
vector,1,65536,skewed,tightarray-api,slice-copy,14405.924957827665,8192,80,5160,99461,256
vector,1,65536,skewed,bitstring,construct-from-list,165564124.93810058,8192,48,18724,19372,1
vector,1,65536,skewed,bitstring,get-scalar,1826.1919194628717,8192,48,624,1017,2048
vector,1,65536,skewed,bitstring,to-list,95424500.06119907,8192,48,572472,573025,1
vector,1,65536,skewed,bitstring,copy,2451.395971547754,8192,48,8872,17388,2048
vector,1,65536,skewed,bitstring,count,101384791.07990861,8192,48,10084,11281,1
vector,1,65536,skewed,bitstring,gather-256,464067.6488634199,8192,48,12184,12745,8
vector,1,65536,skewed,bitstring,sum,99906250.1359731,8192,48,10012,10801,1
vector,1,65536,skewed,bitstring,set-restore-pair,9169.595614366699,8192,48,808,1201,512
vector,1,65536,skewed,bitstring,equals,532.984500978273,8192,48,56,120,8192
vector,1,65536,skewed,bitstring,slice-copy,2324.2188262884156,8192,48,4776,9200,2048
vector,1,65536,skewed,bitformat,construct-from-list,25188917.061313987,8192,48,1512,10001387,1
vector,1,65536,skewed,bitformat,get-scalar,775.2380497549893,8192,48,120,120,4096
vector,1,65536,skewed,bitformat,to-list,35495541.989803314,8192,48,562544,562760,1
vector,1,65536,skewed,bitformat,copy,5375.8544709126,8192,48,424,668,1024
vector,1,65536,skewed,bitformat,count,10041583.09660852,8192,48,156,932,1
vector,1,65536,skewed,bitformat,gather-256,197442.68502108753,8192,48,2320,2432,16
vector,1,65536,skewed,bitformat,sum,9301583.981141448,8192,48,84,452,1
vector,1,65536,skewed,bitformat,set-restore-pair,1992.1463945138385,8192,48,120,232,2048
vector,1,65536,skewed,bitformat,equals,13631.347428599838,8192,48,104,104,256
vector,1,65536,skewed,bitformat,slice-copy,3628.5809983382933,8192,48,424,640,1024
vector,1,65536,skewed,blosc2-1thread,construct-from-list,1642479.4448539615,2813,64,5704,72936,2
vector,1,65536,skewed,blosc2-1thread,get-scalar,41384.76651860401,2813,64,1216,2812,128
vector,1,65536,skewed,blosc2-1thread,to-list,280851.55645385385,2813,64,525608,591296,16
vector,1,65536,skewed,blosc2-1thread,copy,31682.289773016237,2813,64,5200,7192,128
vector,1,65536,skewed,blosc2-1thread,count,461479.12507876754,2813,64,5168,1057450,8
vector,1,65536,skewed,blosc2-1thread,gather-256,53319.0141140949,2813,64,1104,1992,64
vector,1,65536,skewed,blosc2-1thread,sum,376036.5070775151,2813,64,5588,1057913,8
vector,1,65536,skewed,blosc2-1thread,set-restore-pair,1224718.7551110983,2813,64,1424,3020,4
vector,1,65536,skewed,blosc2-1thread,equals,519869.87818963826,2813,64,5312,140189,8
vector,1,65536,skewed,blosc2-1thread,slice-copy,42458.98344379384,2813,64,34240,34938,128
vector,1,65536,skewed,ml_dtypes-u1,construct-from-list,2130353.939719498,65536,65648,65688,65688,2
vector,1,65536,skewed,ml_dtypes-u1,get-scalar,66.7362201056676,65536,65648,56,80,65536
vector,1,65536,skewed,ml_dtypes-u1,to-list,193242.18737892807,65536,65648,524400,524400,16
vector,1,65536,skewed,ml_dtypes-u1,copy,1136.5256114004296,65536,65648,65688,65841,4096
vector,1,65536,skewed,ml_dtypes-u1,count,6789.226517867064,65536,65648,136,75291,512
vector,1,65536,skewed,ml_dtypes-u1,gather-256,410.81750623561675,65536,65648,408,561,8192
vector,1,65536,skewed,ml_dtypes-u1,sum,13888.671674067155,65536,65648,572,67313,256
vector,1,65536,skewed,ml_dtypes-u1,set-restore-pair,185.2544500025033,65536,65648,56,80,16384
vector,1,65536,skewed,ml_dtypes-u1,equals,7360.189556493424,65536,65648,208,83796,512
vector,1,65536,skewed,ml_dtypes-u1,slice-copy,958.0688242749602,65536,65648,32920,33169,4096
vector,5,65536,skewed,python-bytes,construct-from-list,198802.05218214542,65536,65569,65673,65673,16
vector,5,65536,skewed,python-bytes,get-scalar,37.60402123020867,65536,65569,56,56,65536
vector,5,65536,skewed,python-bytes,to-list,189843.7476484105,65536,65569,524400,524448,16
vector,5,65536,skewed,python-bytes,copy,4025.634780191467,65536,65569,65673,131266,1024
vector,5,65536,skewed,python-bytes,count,41852.539652609266,65536,65569,56,56,128
vector,5,65536,skewed,python-bytes,gather-256,6674.3164097715635,65536,65569,2256,2304,512
vector,5,65536,skewed,python-bytes,sum,179910.1519281976,65536,65569,84,104,32
vector,5,65536,skewed,python-bytes,equals,1939.8192989683594,65536,65569,56,56,2048
vector,5,65536,skewed,python-bytes,slice-copy,730.509384538891,65536,65569,32857,32857,8192
vector,5,65536,skewed,array-B,construct-from-list,804687.5009313226,65536,65616,65672,65672,4
vector,5,65536,skewed,array-B,get-scalar,39.826719699931346,65536,65616,56,56,65536
vector,5,65536,skewed,array-B,to-list,149679.69036661088,65536,65616,524400,524400,32
vector,5,65536,skewed,array-B,copy,923.2277875526052,65536,65616,65672,65672,4096
vector,5,65536,skewed,array-B,count,479067.76308082044,65536,65616,56,56,8
vector,5,65536,skewed,array-B,gather-256,7026.773346296977,65536,65616,2256,2304,512
vector,5,65536,skewed,array-B,sum,187080.74640017003,65536,65616,84,112,16
vector,5,65536,skewed,array-B,set-restore-pair,82.48710869906972,65536,65616,56,56,65536
vector,5,65536,skewed,array-B,equals,20842.77366520837,65536,65616,56,56,256
vector,5,65536,skewed,array-B,slice-copy,669.6573393583094,65536,65616,32904,32904,8192
vector,5,65536,skewed,numpy-u8,construct-from-list,1029646.024107933,65536,65648,65688,65688,4
vector,5,65536,skewed,numpy-u8,get-scalar,63.69972282982417,65536,65648,56,80,65536
vector,5,65536,skewed,numpy-u8,to-list,239192.6827840507,65536,65648,524400,524400,16
vector,5,65536,skewed,numpy-u8,copy,1401.4892144587066,65536,65648,65688,65688,4096
vector,5,65536,skewed,numpy-u8,count,4785.034207088756,65536,65648,104,65785,1024
vector,5,65536,skewed,numpy-u8,gather-256,329.0430896640828,65536,65648,408,408,16384
vector,5,65536,skewed,numpy-u8,sum,13644.859791384079,65536,65648,572,67048,256
vector,5,65536,skewed,numpy-u8,set-restore-pair,126.24230549818094,65536,65648,56,80,32768
vector,5,65536,skewed,numpy-u8,equals,4086.4258608053206,65536,65648,208,65937,1024
vector,5,65536,skewed,numpy-u8,slice-copy,866.7194606459816,65536,65648,32920,33016,4096
vector,5,65536,skewed,tightarray-packed,construct-from-list,428494.7644919157,40960,41032,41320,565648,8
vector,5,65536,skewed,tightarray-packed,get-scalar,39.55332772420661,40960,41032,56,56,65536
vector,5,65536,skewed,tightarray-packed,to-list,205916.68726410717,40960,41032,524400,524400,16
vector,5,65536,skewed,tightarray-packed,copy,654.3071435771708,40960,41032,41088,41088,8192
vector,5,65536,skewed,tightarray-packed,count,3377.400389581453,40960,41032,56,56,1024
vector,5,65536,skewed,tightarray-packed,gather-256,378.3111424127128,40960,41032,288,288,8192
vector,5,65536,skewed,tightarray-packed,sum,360158.86871609837,40960,41032,132,305,16
vector,5,65536,skewed,tightarray-packed,set-restore-pair,73.66180199142036,40960,41032,56,56,65536
vector,5,65536,skewed,tightarray-packed,equals,1128.3469234513177,40960,41032,56,56,4096
vector,5,65536,skewed,tightarray-packed,slice-copy,454.30493855747045,40960,41032,20608,20680,8192
vector,5,65536,skewed,tightarray-aligned,construct-from-list,401281.22782334685,43696,43768,44056,568384,8
vector,5,65536,skewed,tightarray-aligned,get-scalar,40.08738585525862,43696,43768,56,56,65536
vector,5,65536,skewed,tightarray-aligned,to-list,177361.96605255827,43696,43768,524400,524400,32
vector,5,65536,skewed,tightarray-aligned,copy,621.5311145751912,43696,43768,43824,43824,8192
vector,5,65536,skewed,tightarray-aligned,count,1825.195340643404,43696,43768,56,56,2048
vector,5,65536,skewed,tightarray-aligned,gather-256,291.10974253399036,43696,43768,304,304,16384
vector,5,65536,skewed,tightarray-aligned,sum,297893.24617013335,43696,43768,132,305,16
vector,5,65536,skewed,tightarray-aligned,set-restore-pair,73.4335614538395,43696,43768,56,56,65536
vector,5,65536,skewed,tightarray-aligned,equals,1190.256625704933,43696,43768,56,56,4096
vector,5,65536,skewed,tightarray-aligned,slice-copy,670.1608867842879,43696,43768,21976,22048,8192
vector,5,65536,skewed,tightarray-api,construct-from-list,8384749.9918192625,40960,80,41624,628176,1
vector,5,65536,skewed,tightarray-api,get-scalar,12708.496797131374,40960,80,640,66473,256
vector,5,65536,skewed,tightarray-api,to-list,249356.74446169287,40960,80,524680,590312,16
vector,5,65536,skewed,tightarray-api,copy,23299.969143408816,40960,80,41624,131633,256
vector,5,65536,skewed,tightarray-api,count,46563.79678635858,40960,80,1104,141689,128
vector,5,65536,skewed,tightarray-api,gather-256,16944.824892561883,40960,80,3024,66953,256
vector,5,65536,skewed,tightarray-api,sum,26779.29660421796,40960,80,900,132985,128
vector,5,65536,skewed,tightarray-api,set-restore-pair,54359250.00347197,40960,80,848,2680240,1
vector,5,65536,skewed,tightarray-api,equals,45974.609747645445,40960,80,1168,197618,128
vector,5,65536,skewed,tightarray-api,slice-copy,20279.784621379804,40960,80,21544,99461,256
vector,5,65536,skewed,bitstring,construct-from-list,166512374.99900162,40960,48,53664,54312,1
vector,5,65536,skewed,bitstring,get-scalar,1835.3066479903646,40960,48,624,1017,2048
vector,5,65536,skewed,bitstring,to-list,97181084.10015702,40960,48,572472,573025,1
vector,5,65536,skewed,bitstring,copy,4627.400358003797,40960,48,41640,82924,1024
vector,5,65536,skewed,bitstring,count,101658874.88983572,40960,48,10056,11281,1
vector,5,65536,skewed,bitstring,gather-256,468067.62111373246,40960,48,12184,12745,8
vector,5,65536,skewed,bitstring,sum,100609582.84884691,40960,48,10012,10801,1
vector,5,65536,skewed,bitstring,set-restore-pair,9150.879122898914,40960,48,808,1201,512
vector,5,65536,skewed,bitstring,equals,1382.2429423271387,40960,48,56,120,4096
vector,5,65536,skewed,bitstring,slice-copy,2857.930667232722,40960,48,21160,41968,2048
vector,5,65536,skewed,bitformat,construct-from-list,25386000.05209446,40960,48,1512,10001387,1
vector,5,65536,skewed,bitformat,get-scalar,775.5229489703197,40960,48,120,120,4096
vector,5,65536,skewed,bitformat,to-list,36172667.05259681,40960,48,562544,562760,1
vector,5,65536,skewed,bitformat,copy,20158.69085880695,40960,48,424,668,256
vector,5,65536,skewed,bitformat,count,10382625.041529536,40960,48,128,932,1
vector,5,65536,skewed,bitformat,gather-256,200216.13454446197,40960,48,2320,2432,16
vector,5,65536,skewed,bitformat,sum,9574665.920808911,40960,48,84,452,1
vector,5,65536,skewed,bitformat,set-restore-pair,1983.0322344205342,40960,48,120,232,2048
vector,5,65536,skewed,bitformat,equals,66684.89368166775,40960,48,104,104,64
vector,5,65536,skewed,bitformat,slice-copy,10926.677987299627,40960,48,424,640,512
vector,5,65536,skewed,blosc2-1thread,construct-from-list,1964249.9973997474,6535,64,5704,72936,2
vector,5,65536,skewed,blosc2-1thread,get-scalar,54488.922614837065,6535,64,1216,2812,64
vector,5,65536,skewed,blosc2-1thread,to-list,287067.6980819553,6535,64,525608,591296,16
vector,5,65536,skewed,blosc2-1thread,copy,32032.876333687454,6535,64,5200,7192,128
vector,5,65536,skewed,blosc2-1thread,count,504630.2394475788,6535,64,5136,1057452,8
vector,5,65536,skewed,blosc2-1thread,gather-256,61648.4358033631,6535,64,1104,1992,64
vector,5,65536,skewed,blosc2-1thread,sum,403838.4940940887,6535,64,5588,1057913,8
vector,5,65536,skewed,blosc2-1thread,set-restore-pair,1990854.5073121786,6535,64,1424,3020,2
vector,5,65536,skewed,blosc2-1thread,equals,523234.3974057585,6535,64,5312,140189,8
vector,5,65536,skewed,blosc2-1thread,slice-copy,52912.76465868577,6535,64,34240,34938,64
vector,8,65536,skewed,python-bytes,construct-from-list,197859.36456173658,65536,65569,65673,65673,16
vector,8,65536,skewed,python-bytes,get-scalar,37.29692110709948,65536,65569,56,56,65536
vector,8,65536,skewed,python-bytes,to-list,189322.94915430248,65536,65569,524400,524448,16
vector,8,65536,skewed,python-bytes,copy,4124.308588870917,65536,65569,65673,131266,1024
vector,8,65536,skewed,python-bytes,count,40882.485336624086,65536,65569,56,56,128
vector,8,65536,skewed,python-bytes,gather-256,6574.787221325096,65536,65569,2256,2304,512
vector,8,65536,skewed,python-bytes,sum,170138.03153531626,65536,65569,84,104,32
vector,8,65536,skewed,python-bytes,equals,1920.451154546754,65536,65569,56,56,2048
vector,8,65536,skewed,python-bytes,slice-copy,731.0078444788815,65536,65569,32857,32857,4096
vector,8,65536,skewed,array-B,construct-from-list,811135.4545690119,65536,65616,65672,65672,4
vector,8,65536,skewed,array-B,get-scalar,39.7428010501244,65536,65616,56,56,65536
vector,8,65536,skewed,array-B,to-list,148170.56944593787,65536,65616,524400,524400,32
vector,8,65536,skewed,array-B,copy,892.3441896513395,65536,65616,65672,65672,4096
vector,8,65536,skewed,array-B,count,476770.888781175,65536,65616,56,56,8
vector,8,65536,skewed,array-B,gather-256,7007.4065661174245,65536,65616,2256,2304,512
vector,8,65536,skewed,array-B,sum,187369.82019618154,65536,65616,84,112,16
vector,8,65536,skewed,array-B,set-restore-pair,82.50427185885201,65536,65616,56,56,65536
vector,8,65536,skewed,array-B,equals,20893.39068334084,65536,65616,56,56,256
vector,8,65536,skewed,array-B,slice-copy,659.7087462978379,65536,65616,32904,32904,8192
vector,8,65536,skewed,numpy-u8,construct-from-list,1028948.0560459197,65536,65648,65688,65688,4
vector,8,65536,skewed,numpy-u8,get-scalar,63.35195834594742,65536,65648,56,80,65536
vector,8,65536,skewed,numpy-u8,to-list,236791.6895309463,65536,65648,524400,524400,16
vector,8,65536,skewed,numpy-u8,copy,1016.8354833695048,65536,65648,65688,65688,4096
vector,8,65536,skewed,numpy-u8,count,4793.538209924009,65536,65648,104,65785,1024
vector,8,65536,skewed,numpy-u8,gather-256,331.306452494573,65536,65648,408,408,16384
vector,8,65536,skewed,numpy-u8,sum,13594.40284431912,65536,65648,572,67048,256
vector,8,65536,skewed,numpy-u8,set-restore-pair,125.82907515934494,65536,65648,56,80,32768
vector,8,65536,skewed,numpy-u8,equals,4057.495061715599,65536,65648,208,65937,1024
vector,8,65536,skewed,numpy-u8,slice-copy,873.9218628761591,65536,65648,32920,33016,4096
vector,8,65536,skewed,tightarray-packed,construct-from-list,395380.25157526135,65536,65608,65896,590224,8
vector,8,65536,skewed,tightarray-packed,get-scalar,39.4147363635966,65536,65608,56,56,65536
vector,8,65536,skewed,tightarray-packed,to-list,170694.0311123617,65536,65608,524400,524400,32
vector,8,65536,skewed,tightarray-packed,copy,834.6557933691656,65536,65608,65664,65664,4096
vector,8,65536,skewed,tightarray-packed,count,2652.668854352669,65536,65608,56,56,2048
vector,8,65536,skewed,tightarray-packed,gather-256,262.3341686103231,65536,65608,384,384,16384
vector,8,65536,skewed,tightarray-packed,sum,290877.6223193854,65536,65608,132,305,16
vector,8,65536,skewed,tightarray-packed,set-restore-pair,72.207779311384,65536,65608,56,56,65536
vector,8,65536,skewed,tightarray-packed,equals,1783.2641105997027,65536,65608,56,56,2048
vector,8,65536,skewed,tightarray-packed,slice-copy,664.7440216056566,65536,65608,32896,32968,8192
vector,8,65536,skewed,tightarray-aligned,construct-from-list,395625.0147894025,65536,65608,65896,590224,8
vector,8,65536,skewed,tightarray-aligned,get-scalar,39.289474784709455,65536,65608,56,56,65536
vector,8,65536,skewed,tightarray-aligned,to-list,170157.56748151034,65536,65608,524400,524400,32
vector,8,65536,skewed,tightarray-aligned,copy,839.2131007894932,65536,65608,65664,65664,4096
vector,8,65536,skewed,tightarray-aligned,count,2622.5386591249844,65536,65608,56,56,2048
vector,8,65536,skewed,tightarray-aligned,gather-256,253.067014455155,65536,65608,384,384,16384
vector,8,65536,skewed,tightarray-aligned,sum,291148.4334617853,65536,65608,132,305,16
vector,8,65536,skewed,tightarray-aligned,set-restore-pair,72.47161804002644,65536,65608,56,56,65536
vector,8,65536,skewed,tightarray-aligned,equals,1791.6869410328218,65536,65608,56,56,2048
vector,8,65536,skewed,tightarray-aligned,slice-copy,658.1472007383127,65536,65608,32896,32968,8192
vector,8,65536,skewed,tightarray-api,construct-from-list,8371874.922886491,65536,80,66200,628176,1
vector,8,65536,skewed,tightarray-api,get-scalar,3483.642558421707,65536,80,640,66473,1024
vector,8,65536,skewed,tightarray-api,to-list,241070.30185405165,65536,80,524680,590312,16
vector,8,65536,skewed,tightarray-api,copy,10492.919955140678,65536,80,66200,132000,512
vector,8,65536,skewed,tightarray-api,count,37989.90655923262,65536,80,1104,141689,128
vector,8,65536,skewed,tightarray-api,gather-256,8095.296834653709,65536,80,3024,66953,512
vector,8,65536,skewed,tightarray-api,sum,18090.659978042822,65536,80,900,132985,256
vector,8,65536,skewed,tightarray-api,set-restore-pair,54892375.13393164,65536,80,848,2680240,1
vector,8,65536,skewed,tightarray-api,equals,28532.555006677285,65536,80,1168,197618,128
vector,8,65536,skewed,tightarray-api,slice-copy,8820.96310306224,65536,80,33832,99461,512
vector,8,65536,skewed,bitstring,construct-from-list,165024458.1978768,65536,48,76596,77244,1
vector,8,65536,skewed,bitstring,get-scalar,1823.608386075648,65536,48,624,1017,2048
vector,8,65536,skewed,bitstring,to-list,95486500.06763637,65536,48,572472,573025,1
vector,8,65536,skewed,bitstring,copy,8851.318398228614,65536,48,66216,132076,512
vector,8,65536,skewed,bitstring,count,100494833.89593661,65536,48,10056,11281,1
vector,8,65536,skewed,bitstring,gather-256,471328.12323980033,65536,48,12184,12745,8
vector,8,65536,skewed,bitstring,sum,100172000.00584126,65536,48,10012,10801,1
vector,8,65536,skewed,bitstring,set-restore-pair,9197.265626426088,65536,48,808,1201,512
vector,8,65536,skewed,bitstring,equals,2114.7866391402204,65536,48,56,120,2048
vector,8,65536,skewed,bitstring,slice-copy,3518.920948408777,65536,48,33448,66544,1024
vector,8,65536,skewed,bitformat,construct-from-list,25517625.035718083,65536,48,1512,10001387,1
vector,8,65536,skewed,bitformat,get-scalar,778.5439493090962,65536,48,120,120,4096
vector,8,65536,skewed,bitformat,to-list,34672042.122110724,65536,48,562544,562760,1
vector,8,65536,skewed,bitformat,copy,30004.226573510095,65536,48,424,668,128
vector,8,65536,skewed,bitformat,count,9877291.973680258,65536,48,128,932,1
vector,8,65536,skewed,bitformat,gather-256,194476.55358817428,65536,48,2320,2432,16
vector,8,65536,skewed,bitformat,sum,9041916.811838746,65536,48,84,452,1
vector,8,65536,skewed,bitformat,set-restore-pair,2048.6654648266267,65536,48,120,232,2048
vector,8,65536,skewed,bitformat,equals,106746.09802663326,65536,48,104,104,32
vector,8,65536,skewed,bitformat,slice-copy,15944.495316944085,65536,48,424,640,256
vector,8,65536,skewed,blosc2-1thread,construct-from-list,1918687.4851584435,8172,64,5704,72936,2
vector,8,65536,skewed,blosc2-1thread,get-scalar,60324.21879353933,8172,64,1216,2812,64
vector,8,65536,skewed,blosc2-1thread,to-list,293549.49947446585,8172,64,525608,591296,16
vector,8,65536,skewed,blosc2-1thread,copy,32259.44601581432,8172,64,5200,7192,128
vector,8,65536,skewed,blosc2-1thread,count,504796.8588769436,8172,64,5136,1057454,8
vector,8,65536,skewed,blosc2-1thread,gather-256,66765.62770735472,8172,64,1104,1992,64
vector,8,65536,skewed,blosc2-1thread,sum,408395.8629053086,8172,64,5588,1057913,8
vector,8,65536,skewed,blosc2-1thread,set-restore-pair,1877874.9508783221,8172,64,1424,3020,2
vector,8,65536,skewed,blosc2-1thread,equals,540187.4950621277,8172,64,5312,140189,8
vector,8,65536,skewed,blosc2-1thread,slice-copy,54439.45337901823,8172,64,34240,34938,64
codec,1,4096,uniform,bitstruct-python,pack-from-list,1168468.7342494726,512,,649,107394,4
codec,1,4096,uniform,bitstruct-python,unpack-to-list,894843.7171056867,512,,32992,65968,4
codec,1,4096,uniform,cbitstruct,pack-from-list,58097.00087411329,512,,705,99057,64
codec,1,4096,uniform,cbitstruct,unpack-to-list,45488.28110273462,512,,32880,98400,128
codec,1,4096,uniform,tightarray-packed,pack-from-list,24957.680579973385,512,,872,33680,128
codec,1,4096,uniform,tightarray-packed,unpack-to-list,10797.280992846936,512,,32880,32880,512
codec,1,4096,uniform,numpy-packbits,pack-from-list,67102.86106681451,512,,784,10336,64
codec,1,4096,uniform,numpy-packbits,unpack-to-list,23900.711312307976,512,,33000,74712,128
codec,1,4096,uniform,bitstruct-c,pack-from-list,44058.273488190025,512,,657,197369,128
codec,1,4096,uniform,bitstruct-c,unpack-to-list,42096.35153529234,512,,32880,196760,128
codec,1,4096,uniform,bpack-numpy,unpack-to-ndarray,1185.445057672041,,,4624,9888,4096
codec,1,4096,uniform,tightarray-packed,unpack-to-ndarray,1747.4160358688096,,,5145,8610,2048
codec,3,4096,uniform,bitstruct-python,pack-from-list,1505124.9647513032,1536,,1673,124870,2
codec,3,4096,uniform,bitstruct-python,unpack-to-list,1006906.2700495124,1536,,32992,65968,4
codec,3,4096,uniform,cbitstruct,pack-from-list,59556.63800705224,1536,,1729,100081,64
codec,3,4096,uniform,cbitstruct,unpack-to-list,45532.56439976394,1536,,32880,98400,64
codec,3,4096,uniform,tightarray-packed,pack-from-list,26110.999897355214,1536,,1896,34704,128
codec,3,4096,uniform,tightarray-packed,unpack-to-list,12963.867447979283,1536,,32880,32880,256
codec,3,4096,uniform,numpy-packbits,pack-from-list,103173.18810848519,1536,,1808,34335,32
codec,3,4096,uniform,numpy-packbits,unpack-to-list,29487.30434582103,1536,,33000,156648,128
codec,3,4096,uniform,bitstruct-c,pack-from-list,46613.60981117468,1536,,1681,198393,128
codec,3,4096,uniform,bitstruct-c,unpack-to-list,43283.8514825562,1536,,32880,196760,128
codec,3,4096,uniform,bpack-numpy,unpack-to-ndarray,12659.343155974057,,,4720,74896,256
codec,3,4096,uniform,tightarray-packed,unpack-to-ndarray,1950.988689713995,,,5145,8610,2048
codec,5,4096,uniform,bitstruct-python,pack-from-list,1742812.4556317925,2560,,2697,142346,2
codec,5,4096,uniform,bitstruct-python,unpack-to-list,1018312.5268667936,2560,,32992,65968,4
codec,5,4096,uniform,cbitstruct,pack-from-list,59520.84393356927,2560,,2753,101105,64
codec,5,4096,uniform,cbitstruct,unpack-to-list,45861.648686695844,2560,,32880,98400,128
codec,5,4096,uniform,tightarray-packed,pack-from-list,26951.500331051648,2560,,2920,35728,128
codec,5,4096,uniform,tightarray-packed,unpack-to-list,13050.293091509957,2560,,32880,32880,256
codec,5,4096,uniform,numpy-packbits,pack-from-list,115880.21880015731,2560,,2832,42529,32
codec,5,4096,uniform,numpy-packbits,unpack-to-list,34244.78927627206,2560,,33000,238584,128
codec,5,4096,uniform,bitstruct-c,pack-from-list,46344.40483641811,2560,,2705,199417,128
codec,5,4096,uniform,bitstruct-c,unpack-to-list,42362.30597598478,2560,,32880,196760,128
codec,5,4096,uniform,bpack-numpy,unpack-to-ndarray,12755.046554957516,,,4720,74896,256
codec,5,4096,uniform,tightarray-packed,unpack-to-ndarray,1979.187004508276,,,5145,8610,2048
codec,8,4096,uniform,bitstruct-python,pack-from-list,2149812.5279322267,4096,,4233,168562,2
codec,8,4096,uniform,bitstruct-python,unpack-to-list,1018635.5211772025,4096,,32992,66475,4
codec,8,4096,uniform,cbitstruct,pack-from-list,58210.28389618732,4096,,4289,102641,64
codec,8,4096,uniform,cbitstruct,unpack-to-list,44943.35917115677,4096,,32880,98400,128
codec,8,4096,uniform,tightarray-packed,pack-from-list,25099.609047174454,4096,,4456,37264,128
codec,8,4096,uniform,tightarray-packed,unpack-to-list,10859.456779144239,4096,,32880,32880,512
codec,8,4096,uniform,numpy-packbits,pack-from-list,95524.7160163708,4096,,4368,65905,32
codec,8,4096,uniform,numpy-packbits,unpack-to-list,40372.398871113546,4096,,33000,361488,128
codec,8,4096,uniform,bitstruct-c,pack-from-list,44316.40627444722,4096,,4241,200953,128
codec,8,4096,uniform,bitstruct-c,unpack-to-list,43006.50834920816,4096,,32880,196760,128
codec,8,4096,uniform,bpack-numpy,unpack-to-ndarray,767.3745017200417,,,528,532,4096
codec,8,4096,uniform,tightarray-packed,unpack-to-ndarray,1403.3305433258647,,,5145,8610,4096
set,,65536,dense,python-set,membership,49.500776810873504,,2097368,56,88,65536
set,,65536,dense,python-set,intersection,244640.61425533146,,2097368,524560,655632,16
set,,65536,dense,python-set,union,347606.80864565074,,2097368,2097424,2097424,16
set,,65536,dense,python-set,construct,273005.17831463367,,2097368,2097424,2621760,16
set,,65536,dense,intbitset,membership,44.45967149990793,,48,56,88,65536
set,,65536,dense,intbitset,intersection,329.00238977617846,,48,8568,8568,16384
set,,65536,dense,intbitset,union,346.6084592673724,,48,9384,9384,16384
set,,65536,dense,intbitset,construct,428239.4947949797,,48,9200,9200,8
vector,1,4096,uniform,bitarray,construct-from-list,23065.10941707529,512,592,696,696,128
vector,1,4096,uniform,bitarray,get-scalar,37.59065236863535,512,592,56,56,65536
vector,1,4096,uniform,bitarray,to-list,6216.7969190340955,512,592,32880,32880,512
vector,1,4096,uniform,bitarray,copy,56.70866443097111,512,592,648,648,65536
vector,1,4096,uniform,bitarray,count,78.59356898620717,512,592,132,132,65536
vector,1,4096,uniform,bitarray,gather-256,2531.9419592051418,512,592,168,2216,2048
vector,1,4096,uniform,bitarray,sum,79.96685980060647,512,592,132,132,65536
vector,1,4096,uniform,bitarray,set-restore-pair,71.9826971362636,512,592,56,56,65536
vector,1,4096,uniform,bitarray,equals,42.14668081203854,512,592,56,56,65536
vector,1,4096,uniform,bitarray,slice-copy,77.73081733830622,512,592,392,392,65536
vector,1,65536,uniform,bitarray,construct-from-list,367067.6815090701,8192,8272,8376,8376,16
vector,1,65536,uniform,bitarray,get-scalar,37.85960345226158,8192,8272,56,56,65536
vector,1,65536,uniform,bitarray,to-list,93446.62976218387,8192,8272,524400,524400,32
vector,1,65536,uniform,bitarray,copy,175.3133176407573,8192,8272,8328,8328,32768
vector,1,65536,uniform,bitarray,count,233.29161535912135,8192,8272,132,132,16384
vector,1,65536,uniform,bitarray,gather-256,2316.8744291979237,8192,8272,168,2216,2048
vector,1,65536,uniform,bitarray,sum,231.80389518984157,8192,8272,132,132,16384
vector,1,65536,uniform,bitarray,set-restore-pair,71.64510762436294,8192,8272,56,56,65536
vector,1,65536,uniform,bitarray,equals,254.55982211042283,8192,8272,56,56,16384
vector,1,65536,uniform,bitarray,slice-copy,150.44150103449283,8192,8272,4232,4232,32768
vector,1,65536,skewed,bitarray,construct-from-list,370041.6855281219,8192,8272,8376,8376,16
vector,1,65536,skewed,bitarray,get-scalar,37.59956257454178,8192,8272,56,56,65536
vector,1,65536,skewed,bitarray,to-list,93390.6230784487,8192,8272,524400,524400,64
vector,1,65536,skewed,bitarray,copy,179.80322297717066,8192,8272,8328,8328,32768
vector,1,65536,skewed,bitarray,count,233.14923680572974,8192,8272,132,132,16384
vector,1,65536,skewed,bitarray,gather-256,2316.3452169683296,8192,8272,168,2216,2048
vector,1,65536,skewed,bitarray,sum,231.80132302513812,8192,8272,132,132,16384
vector,1,65536,skewed,bitarray,set-restore-pair,73.1500087169934,8192,8272,56,56,65536
vector,1,65536,skewed,bitarray,equals,255.02014011635765,8192,8272,56,56,16384
vector,1,65536,skewed,bitarray,slice-copy,173.13003297658724,8192,8272,4232,4232,32768
vector,1,4096,uniform,python-list,construct-from-list,5214.1515425319085,32768,32824,32880,32880,1024
vector,1,4096,uniform,python-list,get-scalar,31.471252270875993,32768,32824,56,56,65536
vector,1,4096,uniform,python-list,to-list,5196.655365580227,32768,32824,32880,32880,1024
vector,1,4096,uniform,python-list,copy,5161.946319276467,32768,32824,32880,32880,1024
vector,1,4096,uniform,python-list,count,23271.81209693663,32768,32824,84,84,128
vector,1,4096,uniform,python-list,gather-256,5018.269575884915,32768,32824,2256,2304,1024
vector,1,4096,uniform,python-list,sum,10736.410331446677,32768,32824,84,104,512
vector,1,4096,uniform,python-list,set-restore-pair,44.918699870777345,32768,32824,56,56,65536
vector,1,4096,uniform,python-list,equals,2582.438582976465,32768,32824,56,56,2048
vector,1,4096,uniform,python-list,slice-copy,2649.088855832815,32768,32824,16496,16496,2048
vector,2,4096,uniform,python-list,construct-from-list,5193.521474211593,32768,32824,32880,32880,1024
vector,2,4096,uniform,python-list,get-scalar,31.57107641982293,32768,32824,56,56,65536
vector,2,4096,uniform,python-list,to-list,5197.794962441549,32768,32824,32880,32880,1024
vector,2,4096,uniform,python-list,copy,5164.062486073817,32768,32824,32880,32880,1024
vector,2,4096,uniform,python-list,count,22483.39842481073,32768,32824,84,84,256
vector,2,4096,uniform,python-list,gather-256,4982.828158972552,32768,32824,2256,2304,1024
vector,2,4096,uniform,python-list,sum,10400.554856460076,32768,32824,84,104,512
vector,2,4096,uniform,python-list,set-restore-pair,44.58236801951898,32768,32824,56,56,65536
vector,2,4096,uniform,python-list,equals,2586.0190362436697,32768,32824,56,56,2048
vector,2,4096,uniform,python-list,slice-copy,2651.529825925536,32768,32824,16496,16496,2048
vector,3,4096,uniform,python-list,construct-from-list,5196.411166252801,32768,32824,32880,32880,1024
vector,3,4096,uniform,python-list,get-scalar,31.48905847183414,32768,32824,56,56,65536
vector,3,4096,uniform,python-list,to-list,5194.050800128025,32768,32824,32880,32880,1024
vector,3,4096,uniform,python-list,copy,5162.191200724919,32768,32824,32880,32880,1024
vector,3,4096,uniform,python-list,count,22618.48840134917,32768,32824,84,84,256
vector,3,4096,uniform,python-list,gather-256,5045.206080467324,32768,32824,2256,2304,1024
vector,3,4096,uniform,python-list,sum,10477.45899995789,32768,32824,84,104,512
vector,3,4096,uniform,python-list,set-restore-pair,44.86656024482727,32768,32824,56,56,65536
vector,3,4096,uniform,python-list,equals,2583.7202883849386,32768,32824,56,56,2048
vector,3,4096,uniform,python-list,slice-copy,2653.910200933751,32768,32824,16496,16496,2048
vector,4,4096,uniform,python-list,construct-from-list,5357.258714866475,32768,32824,32880,32880,1024
vector,4,4096,uniform,python-list,get-scalar,32.27169997899182,32768,32824,56,56,65536
vector,4,4096,uniform,python-list,to-list,5241.33292856277,32768,32824,32880,32880,1024
vector,4,4096,uniform,python-list,copy,5222.126901571755,32768,32824,32880,32880,1024
vector,4,4096,uniform,python-list,count,22265.30068583088,32768,32824,56,56,256
vector,4,4096,uniform,python-list,gather-256,5055.949259258341,32768,32824,2256,2304,1024
vector,4,4096,uniform,python-list,sum,10461.914371262537,32768,32824,84,104,512
vector,4,4096,uniform,python-list,set-restore-pair,45.37074360655424,32768,32824,56,56,65536
vector,4,4096,uniform,python-list,equals,2601.8270773420227,32768,32824,56,56,2048
vector,4,4096,uniform,python-list,slice-copy,2652.995021890092,32768,32824,16496,16496,2048
vector,5,4096,uniform,python-list,construct-from-list,5193.481456444715,32768,32824,32880,32880,1024
vector,5,4096,uniform,python-list,get-scalar,31.48524641005679,32768,32824,56,56,65536
vector,5,4096,uniform,python-list,to-list,5196.655365580227,32768,32824,32880,32880,1024
vector,5,4096,uniform,python-list,copy,5162.027264304925,32768,32824,32880,32880,1024
vector,5,4096,uniform,python-list,count,21999.02337451931,32768,32824,56,56,256
vector,5,4096,uniform,python-list,gather-256,5002.441412216285,32768,32824,2256,2304,1024
vector,5,4096,uniform,python-list,sum,10497.558832867071,32768,32824,84,104,512
vector,5,4096,uniform,python-list,set-restore-pair,44.51243640346547,32768,32824,56,56,65536
vector,5,4096,uniform,python-list,equals,2589.8027615767205,32768,32824,56,56,2048
vector,5,4096,uniform,python-list,slice-copy,2647.949145284656,32768,32824,16496,16496,2048
vector,6,4096,uniform,python-list,construct-from-list,5206.868991081137,32768,32824,32880,32880,1024
vector,6,4096,uniform,python-list,get-scalar,31.64100803587644,32768,32824,56,56,65536
vector,6,4096,uniform,python-list,to-list,5201.457042858237,32768,32824,32880,32880,1024
vector,6,4096,uniform,python-list,copy,5162.434490557644,32768,32824,32880,32880,1024
vector,6,4096,uniform,python-list,count,21841.79629693972,32768,32824,56,56,256
vector,6,4096,uniform,python-list,gather-256,4997.07016388129,32768,32824,2256,2304,1024
vector,6,4096,uniform,python-list,sum,10487.711278983625,32768,32824,84,104,512
vector,6,4096,uniform,python-list,set-restore-pair,44.72541803579588,32768,32824,56,56,65536
vector,6,4096,uniform,python-list,equals,2664.245585037861,32768,32824,56,56,2048
vector,6,4096,uniform,python-list,slice-copy,2733.5204322298523,32768,32824,16496,16496,2048
vector,7,4096,uniform,python-list,construct-from-list,5197.998234507395,32768,32824,32880,32880,1024
vector,7,4096,uniform,python-list,get-scalar,31.629564745117023,32768,32824,56,56,65536
vector,7,4096,uniform,python-list,to-list,5195.4345963167725,32768,32824,32880,32880,1024
vector,7,4096,uniform,python-list,copy,5163.6964144563535,32768,32824,32880,32880,1024
vector,7,4096,uniform,python-list,count,21730.792468588334,32768,32824,56,56,256
vector,7,4096,uniform,python-list,gather-256,5012.654355596169,32768,32824,2256,2304,1024
vector,7,4096,uniform,python-list,sum,10438.070148666156,32768,32824,84,104,512
vector,7,4096,uniform,python-list,set-restore-pair,44.469832261029296,32768,32824,56,56,65536
vector,7,4096,uniform,python-list,equals,2607.4624202010455,32768,32824,56,56,2048
vector,7,4096,uniform,python-list,slice-copy,2650.7977963774465,32768,32824,16496,16496,2048
vector,8,4096,uniform,python-list,construct-from-list,5194.661071072915,32768,32824,32880,32880,1024
vector,8,4096,uniform,python-list,get-scalar,31.48651117612644,32768,32824,56,56,65536
vector,8,4096,uniform,python-list,to-list,5202.71782988857,32768,32824,32880,32880,1024
vector,8,4096,uniform,python-list,copy,5161.947228771169,32768,32824,32880,32880,1024
vector,8,4096,uniform,python-list,count,21690.754692826886,32768,32824,56,56,256
vector,8,4096,uniform,python-list,gather-256,5042.928705734084,32768,32824,2256,2304,1024
vector,8,4096,uniform,python-list,sum,10487.466624908848,32768,32824,84,104,512
vector,8,4096,uniform,python-list,set-restore-pair,44.80679294260881,32768,32824,56,56,65536
vector,8,4096,uniform,python-list,equals,2665.5884539650287,32768,32824,56,56,2048
vector,8,4096,uniform,python-list,slice-copy,2647.644123499049,32768,32824,16496,16496,2048
vector,1,65536,uniform,python-list,construct-from-list,81797.51603165641,524288,524344,524400,524400,64
vector,1,65536,uniform,python-list,get-scalar,31.64162976077023,524288,524344,56,56,65536
vector,1,65536,uniform,python-list,to-list,81630.20538631827,524288,524344,524400,524400,64
vector,1,65536,uniform,python-list,copy,81602.85869962536,524288,524344,524400,524400,64
vector,1,65536,uniform,python-list,count,565041.6424032301,524288,524344,84,84,8
vector,1,65536,uniform,python-list,gather-256,4970.173677065759,524288,524344,2256,2304,1024
vector,1,65536,uniform,python-list,sum,170985.68787332624,524288,524344,84,104,32
vector,1,65536,uniform,python-list,set-restore-pair,44.944762578325026,524288,524344,56,56,65536
vector,1,65536,uniform,python-list,equals,47117.187932599336,524288,524344,56,56,64
vector,1,65536,uniform,python-list,slice-copy,41137.0383517351,524288,524344,262256,262256,128
vector,2,65536,uniform,python-list,construct-from-list,81638.67096300237,524288,524344,524400,524400,64
vector,2,65536,uniform,python-list,get-scalar,31.606035122422327,524288,524344,56,56,65536
vector,2,65536,uniform,python-list,to-list,81628.90662788413,524288,524344,524400,524400,64
vector,2,65536,uniform,python-list,copy,81695.31429302879,524288,524344,524400,524400,64
vector,2,65536,uniform,python-list,count,389906.2576238066,524288,524344,84,84,8
vector,2,65536,uniform,python-list,gather-256,4943.563453707611,524288,524344,2256,2304,1024
vector,2,65536,uniform,python-list,sum,164311.19001936167,524288,524344,84,104,32
vector,2,65536,uniform,python-list,set-restore-pair,44.64593317266008,524288,524344,56,56,65536
vector,2,65536,uniform,python-list,equals,41074.219552683644,524288,524344,56,56,128
vector,2,65536,uniform,python-list,slice-copy,41010.41304238606,524288,524344,262256,262256,128
vector,3,65536,uniform,python-list,construct-from-list,83281.90597239882,524288,524344,524400,524400,64
vector,3,65536,uniform,python-list,get-scalar,31.766251851195193,524288,524344,56,56,65536
vector,3,65536,uniform,python-list,to-list,81600.2648207359,524288,524344,524400,524400,64
vector,3,65536,uniform,python-list,copy,82916.67472803965,524288,524344,524400,524400,64
vector,3,65536,uniform,python-list,count,366588.5597001761,524288,524344,84,84,16
vector,3,65536,uniform,python-list,gather-256,4962.972752764472,524288,524344,2256,2304,1024
vector,3,65536,uniform,python-list,sum,167003.90551704913,524288,524344,84,104,32
vector,3,65536,uniform,python-list,set-restore-pair,44.52006407973386,524288,524344,56,56,65536
vector,3,65536,uniform,python-list,equals,40857.1013394976,524288,524344,56,56,128
vector,3,65536,uniform,python-list,slice-copy,41007.16432731133,524288,524344,262256,262256,128
vector,4,65536,uniform,python-list,construct-from-list,81888.67286662571,524288,524344,524400,524400,64
vector,4,65536,uniform,python-list,get-scalar,31.515760667844006,524288,524344,56,56,65536
vector,4,65536,uniform,python-list,to-list,81652.9973235447,524288,524344,524400,524400,64
vector,4,65536,uniform,python-list,copy,81786.45293810405,524288,524344,524400,524400,64
vector,4,65536,uniform,python-list,count,357937.50430457294,524288,524344,84,84,16
vector,4,65536,uniform,python-list,gather-256,4947.75395054603,524288,524344,2256,2304,1024
vector,4,65536,uniform,python-list,sum,165947.93851254508,524288,524344,84,104,32
vector,4,65536,uniform,python-list,set-restore-pair,44.97146477433489,524288,524344,56,56,65536
vector,4,65536,uniform,python-list,equals,47194.658691296354,524288,524344,56,56,64
vector,4,65536,uniform,python-list,slice-copy,41089.51543457806,524288,524344,262256,262256,128
vector,5,65536,uniform,python-list,construct-from-list,81722.01705747284,524288,524344,524400,524400,64
vector,5,65536,uniform,python-list,get-scalar,31.719210369374196,524288,524344,56,56,65536
vector,5,65536,uniform,python-list,to-list,81604.82684616,524288,524344,524400,524400,64
vector,5,65536,uniform,python-list,copy,81556.64181686006,524288,524344,524400,524400,64
vector,5,65536,uniform,python-list,count,353169.2491378635,524288,524344,84,84,16
vector,5,65536,uniform,python-list,gather-256,4958.415047440212,524288,524344,2256,2304,1024
vector,5,65536,uniform,python-list,sum,165825.53507760167,524288,524344,84,104,32
vector,5,65536,uniform,python-list,set-restore-pair,44.97590566643339,524288,524344,56,56,65536
vector,5,65536,uniform,python-list,equals,40832.35944563057,524288,524344,56,56,128
vector,5,65536,uniform,python-list,slice-copy,40971.99962416198,524288,524344,262256,262256,128
vector,6,65536,uniform,python-list,construct-from-list,81653.65579770878,524288,524344,524400,524400,64
vector,6,65536,uniform,python-list,get-scalar,31.602219507931295,524288,524344,56,56,65536
vector,6,65536,uniform,python-list,to-list,81634.76741174236,524288,524344,524400,524400,64
vector,6,65536,uniform,python-list,copy,81682.28305294178,524288,524344,524400,524400,64
vector,6,65536,uniform,python-list,count,350281.2469378114,524288,524344,84,84,16
vector,6,65536,uniform,python-list,gather-256,4952.880999553599,524288,524344,2256,2304,1024
vector,6,65536,uniform,python-list,sum,166856.77837813273,524288,524344,84,104,32
vector,6,65536,uniform,python-list,set-restore-pair,44.98100381056247,524288,524344,56,56,65536
vector,6,65536,uniform,python-list,equals,40889.31927981321,524288,524344,56,56,128
vector,6,65536,uniform,python-list,slice-copy,40935.867218649946,524288,524344,262256,262256,128
vector,7,65536,uniform,python-list,construct-from-list,81681.00248440169,524288,524344,524400,524400,64
vector,7,65536,uniform,python-list,get-scalar,31.517028986627338,524288,524344,56,56,65536
vector,7,65536,uniform,python-list,to-list,81712.23453246057,524288,524344,524400,524400,64
vector,7,65536,uniform,python-list,copy,81633.46865330823,524288,524344,524400,524400,64
vector,7,65536,uniform,python-list,count,348802.13206633925,524288,524344,84,84,16
vector,7,65536,uniform,python-list,gather-256,4951.335085934261,524288,524344,2256,2304,1024
vector,7,65536,uniform,python-list,sum,166960.93371137977,524288,524344,84,104,32
vector,7,65536,uniform,python-list,set-restore-pair,44.987352509906486,524288,524344,56,56,65536
vector,7,65536,uniform,python-list,equals,47129.560698522255,524288,524344,56,56,64
vector,7,65536,uniform,python-list,slice-copy,42615.56387064047,524288,524344,262256,262256,128
vector,8,65536,uniform,python-list,construct-from-list,83825.5145936273,524288,524344,524400,524400,64
vector,8,65536,uniform,python-list,get-scalar,31.92391773154668,524288,524344,56,56,65536
vector,8,65536,uniform,python-list,to-list,82262.37332564779,524288,524344,524400,524400,64
vector,8,65536,uniform,python-list,copy,82322.26537074894,524288,524344,524400,524400,64
vector,8,65536,uniform,python-list,count,361789.0615714714,524288,524344,84,84,16
vector,8,65536,uniform,python-list,gather-256,5015.217766413116,524288,524344,2256,2304,1024
vector,8,65536,uniform,python-list,sum,167341.1243245937,524288,524344,84,104,32
vector,8,65536,uniform,python-list,set-restore-pair,45.404437543083986,524288,524344,56,56,65536
vector,8,65536,uniform,python-list,equals,47409.499529749155,524288,524344,56,56,64
vector,8,65536,uniform,python-list,slice-copy,41844.07771390397,524288,524344,262256,262256,128
vector,1,65536,skewed,python-list,construct-from-list,82186.85979954898,524288,524344,524400,524400,64
vector,1,65536,skewed,python-list,get-scalar,31.710296610754085,524288,524344,56,56,65536
vector,1,65536,skewed,python-list,to-list,81822.26520148106,524288,524344,524400,524400,64
vector,1,65536,skewed,python-list,copy,81637.37584254704,524288,524344,524400,524400,64
vector,1,65536,skewed,python-list,count,351734.37208868563,524288,524344,84,84,16
vector,1,65536,skewed,python-list,gather-256,5008.789003113634,524288,524344,2256,2304,1024
vector,1,65536,skewed,python-list,sum,164302.05869255587,524288,524344,84,104,32
vector,1,65536,skewed,python-list,set-restore-pair,44.75720416508011,524288,524344,56,56,65536
vector,1,65536,skewed,python-list,equals,40870.772863854654,524288,524344,56,56,128
vector,1,65536,skewed,python-list,slice-copy,40948.24180356227,524288,524344,262256,262256,128
vector,5,65536,skewed,python-list,construct-from-list,81652.9973235447,524288,524344,524400,524400,64
vector,5,65536,skewed,python-list,get-scalar,31.56597827569385,524288,524344,56,56,65536
vector,5,65536,skewed,python-list,to-list,81615.88993971236,524288,524344,524400,524400,64
vector,5,65536,skewed,python-list,copy,81630.2199382335,524288,524344,524400,524400,64
vector,5,65536,skewed,python-list,count,347143.184626475,524288,524344,56,56,16
vector,5,65536,skewed,python-list,gather-256,4959.797934134258,524288,524344,2256,2304,1024
vector,5,65536,skewed,python-list,sum,164345.0596020557,524288,524344,84,104,32
vector,5,65536,skewed,python-list,set-restore-pair,44.75975146078781,524288,524344,56,56,65536
vector,5,65536,skewed,python-list,equals,47104.829718591645,524288,524344,56,56,64
vector,5,65536,skewed,python-list,slice-copy,40947.91438546963,524288,524344,262256,262256,128
vector,8,65536,skewed,python-list,construct-from-list,81694.01553459466,524288,524344,524400,524400,64
vector,8,65536,skewed,python-list,get-scalar,32.75808779790168,524288,524344,56,56,65536
vector,8,65536,skewed,python-list,to-list,81726.5608930029,524288,524344,524400,524400,64
vector,8,65536,skewed,python-list,copy,81785.812653834,524288,524344,524400,524400,64
vector,8,65536,skewed,python-list,count,348177.1273072809,524288,524344,56,56,16
vector,8,65536,skewed,python-list,gather-256,4952.636800226173,524288,524344,2256,2304,1024
vector,8,65536,skewed,python-list,sum,164368.5027374886,524288,524344,84,104,32
vector,8,65536,skewed,python-list,set-restore-pair,44.64404312898296,524288,524344,56,56,65536
vector,8,65536,skewed,python-list,equals,47114.575863815844,524288,524344,56,56,64
vector,8,65536,skewed,python-list,slice-copy,40959.961552289315,524288,524344,262256,262256,128
ragged,5,66683,uniform,python-list,get-row-to-list,136.7530799711858,,,576,576,32768
ragged,5,66683,uniform,python-list,get-scalar,36.693574401169826,,,56,56,65536
ragged,5,66683,uniform,python-list,to-list,199958.36191810668,,,675008,675056,16
ragged,5,66683,uniform,python-list,construct-from-rows,215539.0684492886,,,675008,675056,16
ragged,5,66683,uniform,tightarray-packed,get-row-to-list,242.25616357398394,,,568,640,16384
ragged,5,66683,uniform,tightarray-packed,get-scalar,53.12219286679465,,,56,56,65536
ragged,5,66683,uniform,tightarray-packed,to-list,335658.885887824,,,664648,664720,16
ragged,5,66683,uniform,tightarray-packed,construct-from-rows,928927.2129535675,,,136440,1312048,4
ragged,5,66683,uniform,npstructures,get-row-to-list,1567.7079545639572,,,624,720,2048
ragged,5,66683,uniform,npstructures,get-scalar,9517.415946902474,,,800,2609,512
ragged,5,66683,uniform,npstructures,to-list,717312.5050030649,,,666648,667758,8
ragged,5,66683,uniform,npstructures,construct-from-rows,1561771.030537784,,,102555,629827,2
matrix,5,65536,uniform,python-list,get-scalar,35.27259906377367,,,56,56,65536
matrix,5,65536,uniform,python-list,to-list,138944.000354968,,,590544,590592,32
matrix,5,65536,uniform,python-list,construct-from-rows,138220.057124272,,,590544,590592,32
matrix,5,65536,uniform,numpy-u8,get-scalar,82.15904045982825,,,56,80,65536
matrix,5,65536,uniform,numpy-u8,to-list,274429.6798482537,,,589936,589936,16
matrix,5,65536,uniform,numpy-u8,construct-from-rows,1125239.7671341896,,,65688,98424,4
matrix,5,65536,uniform,tightarray-packed,get-scalar,52.70323200079474,,,56,56,65536
matrix,5,65536,uniform,tightarray-packed,to-list,246908.821281977,,,589936,590008,16
matrix,5,65536,uniform,tightarray-packed,construct-from-rows,783010.50234586,,,41856,1169120,4
matrix,5,65536,uniform,tightarray-api,get-scalar,13014.160685997922,,,696,66529,256
matrix,5,65536,uniform,tightarray-api,to-list,288677.0525947213,,,590216,655848,16
matrix,5,65536,uniform,tightarray-api,construct-from-rows,8769417.181611061,,,46064,688912,1
matrix,5,65536,uniform,blosc2-1thread,get-scalar,35104.163544019684,,,1408,3004,128
matrix,5,65536,uniform,blosc2-1thread,to-list,309158.81507098675,,,590944,656648,16
matrix,5,65536,uniform,blosc2-1thread,construct-from-rows,1182041.7712442577,,,5736,98424,4
