structure,elements,bits,implementation,method,dataset_retained_bytes,result_retained_bytes,additional_peak_bytes,ns_op,ns_element,min_ns_op,max_ns_op,loops
1d,1024,2,python-list,construct,8360,8360,8360,3031.3925662994734,2.9603443030268295,3028.5033290056163,3098.3686656327336,2048
1d,1024,2,python-list,get,8360,28,64,33.54851507708645,,33.505123120392,34.02423853771097,262144
1d,1024,2,python-list,slice-copy,8360,4264,4272,738.0473618923133,,737.5691097877279,740.1885966373811,8192
1d,1024,2,python-list,gather,8360,2312,2312,3341.450678817637,,3332.153369228763,3431.965865274833,2048
1d,1024,2,python-list,iterate-sum,8360,28,144,2439.1582087446295,2.3819904382271773,2437.1846052417823,2444.325730266428,4096
1d,1024,2,python-list,equal,8360,28,64,708.5418758379092,0.6919354256229582,708.0841157858231,725.3418061736738,8192
1d,1024,2,python-list,count,8360,28,96,8624.104566479218,8.421977115702362,8468.831083519035,8670.491297380067,1024
1d,1024,2,python-list,find,8360,28,1177,3784.220211855427,3.6955275506400653,3750.630298782198,3790.975142692332,2048
1d,1024,2,python-list,set,8360,16,64,43.8954010917314,,43.817198758233644,44.904394869149655,131072
1d,1024,2,python-list,random-get-sum,8360,28,608,8011.190402612556,,7988.931656655041,8018.472499315976,1024
1d,1024,2,python-bytes,construct,1057,1057,2258,196.58407524048016,0.1919766359770314,195.17388949452652,200.26779168347275,32768
1d,1024,2,python-bytes,get,1057,28,64,40.73270432058962,,40.245375032554875,41.38374443130033,131072
1d,1024,2,python-bytes,slice-copy,1057,545,665,92.37289688712735,,91.72758552722371,93.52430652143084,65536
1d,1024,2,python-bytes,gather,1057,2312,2312,5424.886694527231,,5352.824246074306,5506.103434527176,1024
1d,1024,2,python-bytes,iterate-sum,1057,28,112,2568.7866127555026,2.5085806765190455,2546.3052679697284,2570.9433657539194,2048
1d,1024,2,python-bytes,equal,1057,28,64,59.33380009537359,0.05794316415563827,59.27307888953237,59.45205749924298,131072
1d,1024,2,python-bytes,count,1057,28,96,390.2206344719161,0.3810748383514806,389.4093651979347,398.1450902301731,16384
1d,1024,2,python-bytes,find,1057,28,64,342.0079366378559,0.33399212562290614,341.62395934345113,342.20636280224426,16384
1d,1024,2,python-bytes,random-get-sum,1057,28,608,9804.931778489845,,9781.576409295667,9831.136594584677,512
1d,1024,2,python-str,construct,1065,1065,1129,149.42868276079935,0.1459264480085931,147.2110753297784,152.40541273442432,65536
1d,1024,2,python-str,get,1065,28,64,45.321778330276175,,45.251846714222665,46.47350237974024,131072
1d,1024,2,python-str,slice-copy,1065,553,673,98.14071688651893,,96.38659648203429,98.66905514854807,65536
1d,1024,2,python-str,gather,1065,2312,2312,5282.55168319447,,5271.2812248500995,5286.49911757384,1024
1d,1024,2,python-str,iterate-sum,1065,28,256,10039.795142802177,9.804487444142751,9887.126907415222,10125.079825229477,512
1d,1024,2,python-str,equal,1065,28,64,57.552657750647995,0.05620376733461718,57.52372800316152,58.358512688982955,131072
1d,1024,2,python-str,count,1065,28,96,395.9401908559812,0.38666034263279414,395.02458548668073,397.0921511609049,16384
1d,1024,2,python-str,find,1065,28,113,377.0446852513487,0.3682077004407702,376.7598286685825,377.81781259127456,16384
1d,1024,2,python-str,random-get-sum,1065,28,608,8189.249001588905,,8024.98448138067,8198.079058274743,1024
1d,1024,2,numpy,construct,1136,1136,1576,504.8726166023698,0.4930396646507518,499.9313318876375,504.9718652117008,16384
1d,1024,2,numpy,get,1136,25,88,58.425269955364456,,58.382354950481385,58.64016650036774,131072
1d,1024,2,numpy,slice-copy,1136,624,824,254.34112416178323,,254.17327265131462,254.78744447582358,32768
1d,1024,2,numpy,gather,1136,368,416,311.0376667336823,,310.778261791711,312.4567911072518,16384
1d,1024,2,numpy,iterate-sum,1136,28,462,28248.85905283736,27.586776418786485,28224.444577062968,28286.621272854973,256
1d,1024,2,numpy,equal,1136,28,1521,1028.9255385487195,1.0048100962389839,1016.0777605960902,1036.722778735566,8192
1d,1024,2,numpy,count,1136,32,1281,817.2912373538566,0.7981359739783755,816.0604352269729,818.0135466773208,8192
1d,1024,2,numpy,slice-view,1136,1248,216,95.39540002378999,,94.7227469794143,95.7418961888834,65536
1d,1024,2,numpy,find,1136,28,1121,406.90105151952594,0.39736430812453705,405.7083060615696,409.7976642469803,16384
1d,1024,2,numpy,set,1136,16,64,69.20941864052566,,69.17762718217091,70.34746651868318,131072
1d,1024,2,numpy,random-get-sum,1136,28,632,17343.830222671386,,17319.418020633748,17393.066173099214,512
1d,1024,2,packed,construct,328,328,632,450.15966065875546,0.4396090436120659,449.70190060666937,451.8712160006544,16384
1d,1024,2,packed,get,328,28,64,43.48468785053683,,43.441131580834735,43.644904579309696,131072
1d,1024,2,packed,slice-copy,328,200,392,90.56218175373942,,90.48907401165707,90.69252016047358,65536
1d,1024,2,packed,gather,328,136,2296,1999.8981883873057,,1995.5444372499187,2002.5532307954563,4096
1d,1024,2,packed,iterate-sum,328,28,321,4670.735279432847,4.56126492132114,4670.410135076963,4683.187057707983,2048
1d,1024,2,packed,equal,328,28,64,41.51725896406333,0.040544198207093096,41.46893317624745,42.47856111305737,131072
1d,1024,2,packed,count,328,28,96,63.512482384453506,0.06202390857856788,61.14673567481077,65.48849462717499,131072
1d,1024,2,packed,slice-view,328,400,192,60.55990553477386,,60.52812118184647,60.68166413797371,131072
1d,1024,2,packed,find,328,28,185,649.9786593394674,0.6347447845111986,646.8149251759314,656.056755587997,8192
1d,1024,2,packed,set,328,16,64,55.04830191682686,,54.0679323535187,56.03313368851559,131072
1d,1024,2,packed,random-get-sum,328,28,608,10145.019587071147,,10001.302598539041,10242.349617328728,512
1d,1024,2,word-aligned,construct,328,328,632,442.77696531480615,0.4323993801902404,441.706362153127,446.9935248607726,16384
1d,1024,2,word-aligned,get,328,28,64,42.71793407895075,,42.60063235506095,43.61120709006627,131072
1d,1024,2,word-aligned,slice-copy,328,200,392,93.87016319806207,,93.81485099879683,93.9655322440558,65536
1d,1024,2,word-aligned,gather,328,136,2296,1969.9097038028412,,1943.5221929597901,2013.8854779361282,4096
1d,1024,2,word-aligned,iterate-sum,328,28,321,4683.2275302222115,4.573464384982628,4585.102942655794,4751.688379656116,2048
1d,1024,2,word-aligned,equal,328,28,64,41.0257960936633,0.04006425399771807,40.99591066619723,41.20445318278598,131072
1d,1024,2,word-aligned,count,328,28,96,61.246238303169775,0.059810779592939234,61.20014184318734,61.3581310204836,131072
1d,1024,2,word-aligned,slice-view,328,400,192,60.293830372870616,,60.26999699315638,60.52176004800458,131072
1d,1024,2,word-aligned,find,328,28,185,593.9865133086641,0.5800649544029923,592.1071277725787,594.5562122633419,16384
1d,1024,2,word-aligned,set,328,16,64,55.28800173237869,,54.20272053413555,55.38686309591867,131072
1d,1024,2,word-aligned,random-get-sum,328,28,608,10168.13121168525,,10149.170066142688,10381.103493273258,512
matrix,1024,2,python-list,get,9384,28,64,37.72163381654536,,37.69302381328998,38.425445936240976,131072
matrix,1024,2,python-list,row-copy,9384,680,632,144.92034949853405,,144.77793541800565,144.9871085412724,65536
matrix,1024,2,python-list,count,9384,28,560,9249.755976270535,9.032964820576694,9208.455139742,9251.342817151453,1024
matrix,1024,2,python-list,equal,9384,28,64,934.3719398202666,0.9124725974807291,919.3826997488941,938.4664281242294,8192
matrix,1024,2,python-list,construct,9384,9384,9384,2294.8913738218835,2.241104857247933,2247.090606033453,2300.893072515464,4096
matrix,1024,2,python-list,set,9384,16,64,46.052612390212744,,44.42437706586588,46.14289039750474,131072
matrix,1024,2,numpy,get,1152,25,88,82.91625874790043,,82.8933721663816,83.16230903915312,65536
matrix,1024,2,numpy,row-copy,1152,176,320,222.31802887517915,,218.3125928922891,225.8110072261843,32768
matrix,1024,2,numpy,row-view,1152,1264,160,84.55593913936355,,82.67910800441314,85.74421883622563,65536
matrix,1024,2,numpy,count,1152,32,1281,847.9563007313118,0.8280823249329217,833.9334840457013,851.3641489571455,8192
matrix,1024,2,numpy,equal,1152,28,1465,1046.7631739174976,1.0222296620288063,1044.4641134199628,1050.211551500979,8192
matrix,1024,2,numpy,construct,1152,1152,1664,18050.4553100036,17.62739776367539,17731.1189872853,18248.29087127,512
matrix,1024,2,numpy,set,1152,16,64,88.53468358438477,,88.37826825924822,88.80424218205007,65536
matrix,1024,2,packed,get,392,28,64,54.23101079315984,,53.69281730338571,54.91987664640874,131072
matrix,1024,2,packed,row-copy,392,88,224,74.94863751844605,,74.44572602821609,77.46824692844712,65536
matrix,1024,2,packed,row-view,392,400,136,46.894715666212505,,46.0268623214688,46.96846112040021,131072
matrix,1024,2,packed,count,392,28,64,81.65296705442415,0.07973922563908609,81.60209574725741,82.57038786041448,65536
matrix,1024,2,packed,equal,392,28,64,46.219184923756984,0.04513592277710643,46.093306949046564,46.743071635546585,131072
matrix,1024,2,packed,construct,392,392,27144,16135.254099935992,15.757084081968742,15883.871128608007,16425.617104687262,512
matrix,1024,2,packed,set,392,16,64,64.46298250750715,,64.40384581196668,64.5484927730422,131072
matrix,1024,2,word-aligned,get,392,28,64,54.41284223195453,,54.39376948856989,54.443679786686516,131072
matrix,1024,2,word-aligned,row-copy,392,88,224,78.43780380767384,,78.32972670485105,78.62599105123991,65536
matrix,1024,2,word-aligned,row-view,392,400,136,46.83908017000249,,46.82986443071968,47.18780566292935,131072
matrix,1024,2,word-aligned,count,392,28,64,82.16857949605583,0.08024275341411702,81.57601882885501,82.69818252415462,65536
matrix,1024,2,word-aligned,equal,392,28,64,45.945808935243804,0.04486895403832403,45.920693025891524,47.34993019894773,131072
matrix,1024,2,word-aligned,construct,392,392,27144,17152.34384391806,16.75033578507623,15934.326256683562,41098.550809692824,512
matrix,1024,2,word-aligned,set,392,16,64,64.4350048872866,,64.04527219672218,66.76864749977085,131072
ragged,1024,2,python-list,get,9552,28,64,38.5128711144489,,38.40827922374501,38.742065555652516,131072
ragged,1024,2,python-list,row-copy,9552,664,616,141.00392320415267,,140.50102237206374,141.81327756546125,65536
ragged,1024,2,python-list,count,9552,28,560,9307.006848757737,9.088873875739978,9202.514547723695,9708.210882308776,1024
ragged,1024,2,python-list,equal,9552,28,64,936.192748213216,0.9142507306769687,927.0527243643301,944.7326760891883,8192
ragged,1024,2,python-list,construct,9552,9552,9552,2651.7334390518954,2.5895834365741166,2536.478973524936,2690.185510800802,2048
ragged,1024,2,python-list,set,9552,16,64,44.27845645693651,,43.45003645767065,44.461250681138154,131072
ragged,1024,2,numpy,get,1456,25,120,122.18284339837737,,120.38485763810058,123.31073051541352,65536
ragged,1024,2,numpy,row-copy,1456,174,438,389.8951348446644,,381.4188147543973,394.248957036325,16384
ragged,1024,2,numpy,row-view,1456,1248,280,240.28778256024452,,237.2538503436772,246.99654943560745,32768
ragged,1024,2,numpy,count,1456,32,1281,826.8839337688405,0.8075038415711333,825.9837613877608,829.1168285268213,8192
ragged,1024,2,numpy,equal,1456,28,2209,2239.6850454242667,2.1871924271721355,2210.9579731477425,2246.785413717589,4096
ragged,1024,2,numpy,construct,1456,1456,2859,28427.41014319472,27.761142717963594,28375.164220051374,28514.64887498878,256
ragged,1024,2,numpy,set,1456,16,120,129.08172664083395,,127.24686015985753,131.018964566465,65536
ragged,1024,2,packed,get,536,28,64,55.63671834352135,,55.537544341177636,55.7177877169579,131072
ragged,1024,2,packed,row-copy,536,88,224,74.55730433036933,,74.49531658210162,74.69049911890124,131072
ragged,1024,2,packed,row-view,536,400,136,47.02345357543436,,46.95669453269602,47.09974632532976,131072
ragged,1024,2,packed,count,536,28,64,83.22079381173353,0.08127030645677102,83.08856180860857,83.42361468294257,65536
ragged,1024,2,packed,equal,536,28,64,47.87190910349182,0.04674991123387873,47.85665197459821,47.97363217790007,131072
ragged,1024,2,packed,construct,536,536,27800,16522.29866522248,16.135057290256327,16495.524960191688,16914.386833377648,512
ragged,1024,2,packed,set,536,16,64,64.52878587026589,,63.218436707757064,64.66611424116309,131072
ragged,1024,2,word-aligned,get,536,28,64,55.50352533134628,,55.31279079207252,56.59484969555706,131072
ragged,1024,2,word-aligned,row-copy,536,88,224,146.12770016242393,,146.09210197136235,146.535874989695,65536
ragged,1024,2,word-aligned,row-view,536,400,136,46.82794951804681,,46.804116138332574,46.8715057877489,131072
ragged,1024,2,word-aligned,count,536,28,64,83.21824651602583,0.08126781886330647,83.12542476573981,83.37530488233824,65536
ragged,1024,2,word-aligned,equal,536,28,64,49.2267595575413,0.048073007380411426,48.320456969008774,49.473761976059905,131072
ragged,1024,2,word-aligned,construct,536,536,27800,16469.970887555974,16.08395594487888,16258.62705623149,16690.673874109052,512
ragged,1024,2,word-aligned,set,536,16,64,65.02596328061827,,64.97510618430624,65.15216810498714,131072
1d,65536,2,python-list,construct,524456,524456,524456,196312.4959729612,2.9954909663842955,195045.59895722196,201697.90514046326,32
1d,65536,2,python-list,get,524456,28,64,34.1916086554761,,34.157276118662594,34.25152961256117,262144
1d,65536,2,python-list,slice-copy,524456,262312,262320,41771.15624770522,,41739.25844952464,41822.26439297665,128
1d,65536,2,python-list,gather,524456,2312,2312,3441.6503922329866,,3425.8828236488625,3462.463382675196,2048
1d,65536,2,python-list,iterate-sum,524456,28,144,154842.4370412249,2.3627080847354875,154669.92408619262,155302.735947771,64
1d,65536,2,python-list,equal,524456,28,64,41578.45251029357,0.6344368363997432,41534.83678237535,41619.78904448915,128
1d,65536,2,python-list,count,524456,28,96,581760.4396725073,8.876959833870046,573679.6883866191,585010.3771081194,16
1d,65536,2,python-list,find,524456,28,65721,220132.80977262184,3.3589601100558752,219842.440856155,225257.8124171123,32
1d,65536,2,python-list,set,524456,16,64,44.46411061564959,,44.41547396538681,44.524513853616554,131072
1d,65536,2,python-list,random-get-sum,524456,28,608,7319.213864320773,,7310.791033887654,7329.87518858863,1024
1d,65536,2,python-bytes,construct,65569,65569,131282,4243.184548613499,0.06474585798055266,4207.478582429758,4265.767529432196,2048
1d,65536,2,python-bytes,get,65569,28,64,39.815581942548306,,39.71004325364902,40.19927857257244,131072
1d,65536,2,python-bytes,slice-copy,65569,32801,32921,506.6299451073064,,503.01360943194595,511.622062049355,16384
1d,65536,2,python-bytes,gather,65569,2312,2312,5173.095814825501,,5122.030415805057,5204.874014452798,1024
1d,65536,2,python-bytes,iterate-sum,65569,28,112,158897.12813077495,2.42457776078453,158710.936375428,159401.03185130283,32
1d,65536,2,python-bytes,equal,65569,28,64,1841.461198637262,0.028098467996784393,1839.10111672958,1860.0360931486648,4096
1d,65536,2,python-bytes,count,65569,28,96,20385.418793011922,0.3110568053132923,20370.605852804147,20399.902496137656,256
1d,65536,2,python-bytes,find,65569,28,96,4365.09230894444,0.0666060227805243,4364.196797723707,4379.618189886969,2048
1d,65536,2,python-bytes,random-get-sum,65569,28,608,9183.634801956941,,9012.573173095006,9207.397624777514,1024
1d,65536,2,python-str,construct,65577,65577,65641,3491.9434028779506,0.0532828278027031,3483.906766632572,3497.7211953446385,2048
1d,65536,2,python-str,get,65577,28,64,45.29031372157988,,45.22991225996975,45.37360354106568,131072
1d,65536,2,python-str,slice-copy,65577,32809,32929,539.6957476477837,,538.2589165492391,690.8009595463227,16384
1d,65536,2,python-str,gather,65577,2312,2312,5318.115199770546,,5231.3644118839875,5362.019464882906,1024
1d,65536,2,python-str,iterate-sum,65577,28,256,640911.4866983145,9.779533183262856,628968.7298703939,658994.7442989796,8
1d,65536,2,python-str,equal,65577,28,64,1807.7800518767617,0.027584534482982814,1785.726112757402,1814.5446460948733,4096
1d,65536,2,python-str,count,65577,28,96,20589.519408531487,0.3141711335530317,20488.76922344789,20742.510969284922,256
1d,65536,2,python-str,find,65577,28,145,4363.810035101778,0.06658645683443876,4363.5454858304,4408.162567415275,2048
1d,65536,2,python-str,random-get-sum,65577,28,608,7630.492973476066,,7485.758715120028,7661.254812774132,1024
1d,65536,2,numpy,construct,65648,65648,66088,1692.759269644739,0.025829456629100633,1679.7080206742976,1814.3718421015365,4096
1d,65536,2,numpy,get,65648,25,88,58.706916661321884,,58.59787854944898,60.12757047813011,131072
1d,65536,2,numpy,slice-copy,65648,32880,33080,845.2403505998518,,842.7326463333884,850.9216229413141,8192
1d,65536,2,numpy,gather,65648,368,416,311.9176028576476,,311.11402165606705,315.67127223297575,16384
1d,65536,2,numpy,iterate-sum,65648,28,464,1793021.0451595485,27.359329912712838,1787656.219676137,1807500.0261887908,4
1d,65536,2,numpy,equal,65648,28,66033,4175.842377662775,0.06371829799900475,4168.904865764489,4180.969312983507,2048
1d,65536,2,numpy,count,65648,32,65793,4763.448259836878,0.07268445220698361,4755.1880015817005,4809.305664821295,2048
1d,65536,2,numpy,slice-view,65648,65760,216,96.43426679417644,,96.36115905209408,96.5474420411283,65536
1d,65536,2,numpy,find,65648,28,65665,5369.547807276831,0.08193279735224657,5351.1553232965525,5396.932465373538,1024
1d,65536,2,numpy,set,65648,16,64,69.03266935864849,,68.27449716695355,69.29460738547277,131072
1d,65536,2,numpy,random-get-sum,65648,28,632,16128.906281664968,,16118.816347443499,16154.052445926936,512
1d,65536,2,packed,construct,16456,16456,16760,14351.400295709027,0.21898498986372417,14338.867003971245,14640.94884795486,512
1d,65536,2,packed,get,16456,28,64,42.729377369710164,,42.63401010007328,42.86830090904914,131072
1d,65536,2,packed,slice-copy,16456,8264,8456,317.80243148205045,,317.214954748124,321.324705510051,16384
1d,65536,2,packed,gather,16456,136,2296,1683.4614484650956,,1681.396497588139,1694.2648812801053,4096
1d,65536,2,packed,iterate-sum,16456,28,321,290475.2836911939,4.432301081713774,289936.1861636862,292049.4953286834,32
1d,65536,2,packed,equal,16456,28,64,472.02557595937833,0.007202538695669225,463.78326601370645,474.29912797269935,16384
1d,65536,2,packed,count,16456,28,96,716.4357782585284,0.010931942417274909,716.1254700349673,718.7143467035639,8192
1d,65536,2,packed,slice-view,16456,16528,192,60.42385081173052,,60.33388544324225,60.73220859548201,131072
1d,65536,2,packed,find,16456,28,185,3713.6430819373345,0.05666569644069419,3644.3276485442766,3722.147880580451,2048
1d,65536,2,packed,set,16456,16,64,54.75489039952208,,54.7393188554679,54.89381393886106,131072
1d,65536,2,packed,random-get-sum,16456,28,608,9549.804644848336,,9532.755711916252,9562.133982399246,1024
1d,65536,2,word-aligned,construct,16456,16456,16760,14253.824247134617,0.21749609752097498,14245.767943066312,14289.712908066576,512
1d,65536,2,word-aligned,get,16456,28,64,43.67414874195674,,43.65030648045831,43.82514795508996,131072
1d,65536,2,word-aligned,slice-copy,16456,8264,8456,307.50018709113647,,301.6408669509474,338.02282928263594,16384
1d,65536,2,word-aligned,gather,16456,136,2296,1684.9263033691386,,1683.1664879646269,1689.0159031390795,4096
1d,65536,2,word-aligned,iterate-sum,16456,28,321,290316.4058807306,4.429876798717203,289972.6605392061,290924.5013142936,32
1d,65536,2,word-aligned,equal,16456,28,64,479.3701151584173,0.007314607470068624,475.3239863930503,490.531917307635,16384
1d,65536,2,word-aligned,count,16456,28,96,719.1416102614312,0.010973230137045764,706.2530471557693,720.4386065495783,8192
1d,65536,2,word-aligned,slice-view,16456,16528,192,60.340241248013626,,60.2718959186177,60.40763800285731,131072
1d,65536,2,word-aligned,find,16456,28,185,3270.6708452678868,0.04990647652081126,3267.4765861884225,3276.14350226213,2048
1d,65536,2,word-aligned,set,16456,16,64,54.857567377553096,,53.806626709729244,55.339814508670315,131072
1d,65536,2,word-aligned,random-get-sum,16456,28,608,9541.666941004223,,9532.592912364635,9607.136689737672,1024
matrix,65536,2,python-list,get,590600,28,64,37.82558444243023,,37.76709789349297,38.5926579582474,131072
matrix,65536,2,python-list,row-copy,590600,680,632,145.71189765888448,,143.32643161196756,148.34468231583742,65536
matrix,65536,2,python-list,count,590600,28,560,619989.5578902215,9.460289884799522,619476.5737745911,621195.3150341287,16
matrix,65536,2,python-list,equal,590600,28,64,60561.52415112592,0.9240955223255298,60428.71063982602,60734.70285627991,128
matrix,65536,2,python-list,construct,590600,590600,590600,140565.10917725973,2.144853350483089,140044.9218635913,144134.10826819018,64
matrix,65536,2,python-list,set,590600,16,64,45.436218343297696,,45.050621011455405,46.861007518828046,131072
matrix,65536,2,numpy,get,65664,25,88,83.58064462754555,,81.97529766107436,85.92033395871113,65536
matrix,65536,2,numpy,row-copy,65664,176,320,221.63009560927094,,217.00414976066895,224.63098048319807,32768
matrix,65536,2,numpy,row-view,65664,65776,160,83.9176159672661,,82.76049712208078,85.08554216746234,65536
matrix,65536,2,numpy,count,65664,32,65793,4823.608378501376,0.07360242276766016,4780.313929586555,4883.260203314421,2048
matrix,65536,2,numpy,equal,65664,28,66041,4213.5419562328025,0.06429354791614994,4204.061042401008,4223.795372126915,2048
matrix,65536,2,numpy,construct,65664,65664,98432,1139718.7481634319,17.390727968802366,1138708.379585296,1139859.3778721988,8
matrix,65536,2,numpy,set,65664,16,64,88.92758174283699,,88.1423964926853,89.58880570730798,65536
matrix,65536,2,packed,get,16520,28,64,54.43922290737646,,53.82601209191762,54.66811359156054,131072
matrix,65536,2,packed,row-copy,16520,88,224,77.0864492238843,,77.01206250487758,77.19135375339192,131072
matrix,65536,2,packed,row-view,16520,16528,136,47.59152893996088,,47.540664738221494,48.59161428782954,131072
matrix,65536,2,packed,count,16520,28,96,724.4109951898281,0.011053634570157289,723.9837884753797,726.4607972956583,8192
matrix,65536,2,packed,equal,16520,28,64,539.6652227318555,0.008234637798032463,538.8793908878142,543.6451999685232,16384
matrix,65536,2,packed,construct,16520,16520,1670024,835822.8660654277,12.75364480690655,834692.7643287927,836218.7363673002,8
matrix,65536,2,packed,set,16520,16,64,65.28186702325911,,65.26311402410556,65.60452980863829,131072
matrix,65536,2,word-aligned,get,16520,28,64,54.584189612683076,,54.56447738083625,54.854073283649996,131072
matrix,65536,2,word-aligned,row-copy,16520,88,224,80.36868237581984,,77.57568454280772,81.96894896173035,65536
matrix,65536,2,word-aligned,row-view,16520,16528,136,47.47390747183999,,46.517051544014976,48.84719828623929,131072
matrix,65536,2,word-aligned,count,16520,28,96,722.920646012426,0.01103089364642984,721.8881989956571,742.579118195863,8192
matrix,65536,2,word-aligned,equal,16520,28,64,547.5438200619465,0.008354855652800697,540.5909320188584,550.8244669272244,16384
matrix,65536,2,word-aligned,construct,16520,16520,1670024,835796.8763448298,12.753248235242154,833807.3675986379,838890.642626211,8
matrix,65536,2,word-aligned,set,16520,16,64,65.69354304986064,,65.4907221786516,65.77968569843051,131072
ragged,65536,2,python-list,get,594136,28,64,38.5268563718455,,38.468039420536115,38.594565765492916,131072
ragged,65536,2,python-list,row-copy,594136,1000,952,224.99084195715113,,224.82806372181585,225.6546025591888,32768
ragged,65536,2,python-list,count,594136,28,560,612729.1853772476,9.349505392108881,610067.7419453859,615705.7505333796,16
ragged,65536,2,python-list,equal,594136,28,64,61237.30599938426,0.9344071350003702,61197.915783850476,62482.422436005436,128
ragged,65536,2,python-list,construct,594136,594136,594136,171072.93388107792,2.6103658123943774,170867.19162762165,172800.7846395485,32
ragged,65536,2,python-list,set,594136,16,64,46.811425846726706,,45.77764123325778,46.951614152135335,131072
ragged,65536,2,numpy,get,73928,25,120,123.79582159383062,,123.76975888628294,123.86575320988413,65536
ragged,65536,2,numpy,row-copy,73928,216,480,385.25135437339486,,384.7300433790224,386.1338484512089,16384
ragged,65536,2,numpy,row-view,73928,65760,280,237.03131546426448,,236.82403593738854,237.90105529997163,32768
ragged,65536,2,numpy,count,73928,32,65793,4744.242119159026,0.07239138975767556,4712.259737971181,4798.522923010751,2048
ragged,65536,2,numpy,equal,73928,28,66721,5834.553576278267,0.08902822229428509,5819.946181873092,5956.542963758693,1024
ragged,65536,2,numpy,construct,73928,73928,83355,1674958.213698119,25.557834071321395,1670270.7507647574,1705718.7505997717,4
ragged,65536,2,numpy,set,73928,16,120,131.95355563766498,,130.9509265468023,135.09242080544936,65536
ragged,65536,2,packed,get,24624,28,64,55.03940592177514,,54.807662408506985,55.21297374855294,131072
ragged,65536,2,packed,row-copy,24624,104,240,78.70037777024663,,78.45179439414096,79.00492704493445,65536
ragged,65536,2,packed,row-view,24624,16528,136,47.67799310911869,,47.597884744732255,47.88684826451117,131072
ragged,65536,2,packed,count,24624,28,96,722.5494300655555,0.011025229340599907,721.7610971110844,725.5096363678604,8192
ragged,65536,2,packed,equal,24624,28,64,728.3986747097515,0.011114481730800652,727.8085831785575,730.5704343707475,8192
ragged,65536,2,packed,construct,24624,24624,1710472,869031.238835305,13.260364362110977,855989.6377846599,888885.377207771,8
ragged,65536,2,packed,set,24624,16,64,65.48659570171367,,64.64640023295942,66.87609221955881,131072
ragged,65536,2,word-aligned,get,24624,28,64,54.07619418917875,,54.02628389106212,54.73073549921992,131072
ragged,65536,2,word-aligned,row-copy,24624,104,240,93.46008411625917,,93.32402228778847,93.92738320457283,65536
ragged,65536,2,word-aligned,row-view,24624,16528,136,47.57849936254388,,47.52095073001783,48.29088595670328,131072
ragged,65536,2,word-aligned,count,24624,28,96,723.2767416098795,0.011036327234037469,721.521956847937,725.2603779761557,8192
ragged,65536,2,word-aligned,equal,24624,28,64,733.8001637435809,0.011196901912591262,732.7118112243625,734.7107100486028,8192
ragged,65536,2,word-aligned,construct,24624,24624,1710472,867687.5149831176,13.2398607632922,866067.7704028785,873052.1367397159,8
ragged,65536,2,word-aligned,set,24624,16,64,65.60007470568507,,65.53554676713702,65.74790312185996,131072
1d,1024,5,python-list,construct,9144,9144,8360,3082.845182689198,3.0105909987199198,3031.982373613573,3199.3818083719816,2048
1d,1024,5,python-list,get,9144,28,64,34.18127825227657,,33.58634259598148,34.330684961503266,262144
1d,1024,5,python-list,slice-copy,9144,5048,4272,739.3747694095509,,738.1998443634075,741.0939986129961,8192
1d,1024,5,python-list,gather,9144,3096,2312,3387.2070162033197,,3369.181740708882,3416.1172379754134,2048
1d,1024,5,python-list,iterate-sum,9144,28,144,2476.786221450311,2.4187365443850695,2473.1240273467847,2485.24997914501,2048
1d,1024,5,python-list,equal,9144,28,64,707.8449755226757,0.691254858908863,707.3364258758374,709.6303704656748,8192
1d,1024,5,python-list,count,9144,28,64,9291.87012843613,9.074091922300909,9196.329074256937,9329.63098421169,1024
1d,1024,5,python-list,find,9144,28,1177,3797.6278690621257,3.708620965880982,3793.31447675213,3804.1991956561105,2048
1d,1024,5,python-list,set,9144,16,64,44.215203942599146,,43.5415881128165,45.02105710457727,131072
1d,1024,5,python-list,random-get-sum,9144,28,608,8005.697281987523,,7986.816399352392,8019.450206120382,1024
1d,1024,5,python-bytes,construct,1057,1057,2258,198.2040416237396,0.19355863439818322,194.32193454349544,199.2619900192949,32768
1d,1024,5,python-bytes,get,1057,28,64,40.550551361207,,40.48633606146268,40.62080449784844,131072
1d,1024,5,python-bytes,slice-copy,1057,545,665,92.03784046007968,,91.67099079832042,94.0030524532176,65536
1d,1024,5,python-bytes,gather,1057,3096,2312,5479.695346366498,,5308.674872139818,5557.902341024601,1024
1d,1024,5,python-bytes,iterate-sum,1057,28,112,2573.7305122675025,2.513408703386233,2570.9229021231295,2579.3257236728095,2048
1d,1024,5,python-bytes,equal,1057,28,64,58.68657027008339,0.057311103779378314,58.252654255852576,59.43775249761529,131072
1d,1024,5,python-bytes,count,1057,28,64,382.9702137636559,0.37399434937857023,382.6649646043734,383.496583822307,16384
1d,1024,5,python-bytes,find,1057,28,64,374.34894295529375,0.36557513960477905,374.14551457004563,375.0076302821981,16384
1d,1024,5,python-bytes,random-get-sum,1057,28,608,9798.706059882534,,9556.152235745685,9828.002930589719,1024
1d,1024,5,python-str,construct,1065,1065,1129,149.0217762523116,0.14552907837139806,147.6866451355363,150.65064928876382,65536
1d,1024,5,python-str,get,1065,28,64,45.34213182694202,,45.31414887765095,45.68544653693607,131072
1d,1024,5,python-str,slice-copy,1065,553,673,97.98176492381572,,97.94744926239218,98.32510272644868,65536
1d,1024,5,python-str,gather,1065,3096,2312,5435.221737570828,,5432.290890894365,5480.712843564106,1024
1d,1024,5,python-str,iterate-sum,1065,28,256,10016.683972935425,9.781917942319751,9950.601906894008,10085.287158290157,512
1d,1024,5,python-str,equal,1065,28,64,57.55297749487909,0.05620407958484286,57.497656413829645,57.84098711103525,131072
1d,1024,5,python-str,count,1065,28,64,391.459110460346,0.3822842875589316,390.5156233940943,394.1166966114906,16384
1d,1024,5,python-str,find,1065,28,113,407.4656345665062,0.3979156587563537,407.1731609656126,409.4416397038003,16384
1d,1024,5,python-str,random-get-sum,1065,28,608,8207.35726847488,,8197.062697945512,8216.268724936526,1024
1d,1024,5,numpy,construct,1136,1136,1576,500.08392804556934,0.4883632109820013,498.2910155604259,502.3549789484605,16384
1d,1024,5,numpy,get,1136,25,88,58.45133266291214,,58.376313560870585,58.856963747189184,131072
1d,1024,5,numpy,slice-copy,1136,624,824,254.76327181195302,,254.40597539727605,256.6630001865633,32768
1d,1024,5,numpy,gather,1136,368,416,310.885141630024,,310.72234207840665,311.9557447917032,16384
1d,1024,5,numpy,iterate-sum,1136,28,462,28261.394618311897,27.599018181945212,28236.488105903845,28339.030905044638,256
1d,1024,5,numpy,equal,1136,28,1521,1031.8908891804313,1.007705946465265,1031.4025757907075,1049.5707840618707,8192
1d,1024,5,numpy,count,1136,32,1281,817.3065282335301,0.7981509064780568,815.6688124927314,818.6543141164293,8192
1d,1024,5,numpy,slice-view,1136,1248,216,96.44634957339804,,96.39675724315566,96.62691979883675,65536
1d,1024,5,numpy,find,1136,28,1121,437.6245641424248,0.4273677384203367,437.26097942453634,438.6419050206314,16384
1d,1024,5,numpy,set,1136,16,64,69.39474417322344,,68.76119229559663,70.31154680703366,131072
1d,1024,5,numpy,random-get-sum,1136,28,632,17365.80452416092,,17341.96075631189,17386.3127201912,512
1d,1024,5,packed,construct,712,712,1016,507.4183349051964,0.49552571768085585,500.6637451288043,514.5441832610231,16384
1d,1024,5,packed,get,712,28,64,44.656433217937774,,43.793678017323145,44.907890739409595,131072
1d,1024,5,packed,slice-copy,712,392,584,95.4208374537302,,95.3203880271758,96.96833913608316,65536
1d,1024,5,packed,gather,712,232,2392,2109.659874349745,,2083.2011955462804,2114.532435371075,4096
1d,1024,5,packed,iterate-sum,712,28,321,5498.005975823617,5.369146460765251,5493.408252732479,5522.989340533968,1024
1d,1024,5,packed,equal,712,28,64,51.61062688330276,0.05040100281572535,51.589333693868866,51.78642226155716,131072
1d,1024,5,packed,count,712,28,64,103.26258959025836,0.10084237264673668,103.21363674847817,103.44123779759684,65536
1d,1024,5,packed,slice-view,712,784,192,60.24296439477439,,60.19942588864069,60.29701182796998,131072
1d,1024,5,packed,find,712,28,185,332.29065365958377,0.3245025914644373,328.03851013341045,339.78015778757253,16384
1d,1024,5,packed,set,712,16,64,54.461157361629375,,54.06316461176175,55.351577543660824,131072
1d,1024,5,packed,random-get-sum,712,28,608,10462.566478963709,,10399.902748758905,10700.847724365303,512
1d,1024,5,word-aligned,construct,760,760,1064,466.8934963092397,0.4559506799894919,466.67480546602746,468.42193057727854,16384
1d,1024,5,word-aligned,get,760,28,64,44.38082079616379,,44.3429950536256,44.576964342013525,131072
1d,1024,5,word-aligned,slice-copy,760,416,608,173.53058012758993,,173.28262202909173,173.7378525490385,32768
1d,1024,5,word-aligned,gather,760,248,2408,2051.4220864242816,,2049.672389148327,2065.277101337415,4096
1d,1024,5,word-aligned,iterate-sum,760,28,321,4669.311465477222,4.559874478005099,4668.843757826835,4689.1074134691735,2048
1d,1024,5,word-aligned,equal,760,28,64,66.1490791031838,0.06459871006170292,64.87687542744425,66.40371097432762,131072
1d,1024,5,word-aligned,count,760,28,64,83.18963651277045,0.08123987940700239,82.97221398834154,83.69827497745064,65536
1d,1024,5,word-aligned,slice-view,760,832,192,60.296377668578316,,59.45268988227781,60.711862204243516,131072
1d,1024,5,word-aligned,find,760,28,185,345.23266378982953,0.3371412732322554,343.83899105705495,346.91363737238134,16384
1d,1024,5,word-aligned,set,760,16,64,54.92464438816569,,54.17982507083252,55.037178370298534,131072
1d,1024,5,word-aligned,random-get-sum,760,28,608,10259.277587465476,,10236.4101621788,10268.879123032093,512
matrix,1024,5,python-list,get,10168,28,64,38.43529405855861,,38.394615486936345,38.52462882036889,131072
matrix,1024,5,python-list,row-copy,10168,1240,632,144.44987428419154,,144.37739537243033,144.65841857713713,65536
matrix,1024,5,python-list,count,10168,28,560,10044.353530247463,9.808938994382288,9928.630788635928,10153.482435271144,512
matrix,1024,5,python-list,equal,10168,28,64,953.2420790492324,0.930900467821516,916.3563277070352,969.5230858142168,8192
matrix,1024,5,python-list,construct,10168,10168,9384,2270.812956339796,2.217590777675582,2263.1020328844897,2319.630880265322,4096
matrix,1024,5,python-list,set,10168,16,64,44.67137770802765,,44.60016711504977,44.75720238872327,131072
matrix,1024,5,numpy,get,1152,25,88,83.78283666843345,,83.42361468294257,83.94050610149861,65536
matrix,1024,5,numpy,row-copy,1152,176,320,220.41067637701417,,220.18685541524974,223.2805798030313,32768
matrix,1024,5,numpy,row-view,1152,1264,160,81.61861941857751,,81.36050411167162,83.16548161246828,65536
matrix,1024,5,numpy,count,1152,32,1281,841.5985064402776,0.8218735414455836,826.8534088529123,844.7366894870356,8192
matrix,1024,5,numpy,equal,1152,28,1465,1045.1965408719843,1.0206997469452972,1032.089244290546,1046.8851314726635,8192
matrix,1024,5,numpy,construct,1152,1152,1664,18076.415926771006,17.65274992848731,18047.851426672423,18616.69943536981,512
matrix,1024,5,numpy,set,1152,16,64,88.61732680998102,,88.53022848143155,88.88117974947818,65536
matrix,1024,5,packed,get,776,28,64,55.17164680668429,,54.231643176194666,56.38218070203038,131072
matrix,1024,5,packed,row-copy,776,112,248,80.20146324838606,,80.14743002604519,80.5339794851534,65536
matrix,1024,5,packed,row-view,776,784,136,46.64897801376355,,46.58094887588504,46.71128195354868,131072
matrix,1024,5,packed,count,776,28,64,108.71379174659523,0.10616581225253441,108.56819088189695,109.26437354896734,65536
matrix,1024,5,packed,equal,776,28,64,57.56759691166735,0.05621835635905015,57.50592713127389,57.72209199506051,131072
matrix,1024,5,packed,construct,776,776,27144,16825.601505843224,16.431251470550023,16795.40991972317,16839.19344941387,512
matrix,1024,5,packed,set,776,16,64,65.0698321891241,,64.99830540462881,65.13500316884802,131072
matrix,1024,5,word-aligned,get,824,28,64,55.50353243677364,,55.40244352175705,55.734954429453865,131072
matrix,1024,5,word-aligned,row-copy,824,120,256,92.00351058780143,,91.8591744891728,94.24590885487305,65536
matrix,1024,5,word-aligned,row-view,824,832,136,46.85974275275839,,46.79839271659603,47.02249789545476,131072
matrix,1024,5,word-aligned,count,824,28,64,87.36419587762612,0.08531659753674425,86.95284847703988,88.80043012027272,65536
matrix,1024,5,word-aligned,equal,824,28,64,70.47081140854061,0.06881915176615294,70.3878413332859,70.62625861919969,131072
matrix,1024,5,word-aligned,construct,824,824,27144,16389.648408221547,16.005516023653854,16357.990261894884,16422.931821580278,512
matrix,1024,5,word-aligned,set,824,16,64,64.62606094714829,,64.498268059765,65.59404042150163,131072
ragged,1024,5,python-list,get,10232,28,64,38.58216857111074,,37.805238051191736,38.689613290898706,131072
ragged,1024,5,python-list,row-copy,10232,664,280,75.35870238939424,,75.29386181204245,75.48681502100862,131072
ragged,1024,5,python-list,count,10232,28,560,9937.499726220267,9.70458957638698,9926.10739558586,9997.232609748608,512
ragged,1024,5,python-list,equal,10232,28,64,936.7065274545894,0.9147524682173724,935.9130785924208,940.2822342963191,8192
ragged,1024,5,python-list,construct,10232,10232,9448,2599.934532554471,2.5389985669477255,2592.936084511166,2607.0357534990762,2048
ragged,1024,5,python-list,set,10232,16,64,45.38536124698567,,45.34530617661403,45.409835891518924,131072
ragged,1024,5,numpy,get,1448,25,120,122.16568023859509,,122.06776389689367,122.59993198426855,65536
ragged,1024,5,numpy,row-copy,1448,132,396,391.58629761004704,,386.23046805241756,398.34088738643914,16384
ragged,1024,5,numpy,row-view,1448,1248,280,237.4102194835359,,233.63367063211626,238.95898237924484,32768
ragged,1024,5,numpy,count,1448,32,1281,825.4954764197464,0.8061479261911586,824.0509146162367,826.7364535186061,8192
ragged,1024,5,numpy,equal,1448,28,2209,2245.697032776661,2.193063508570958,2229.04463953455,2271.240191475954,4096
ragged,1024,5,numpy,construct,1448,1448,2843,28377.605303830933,27.712505179522395,28344.72616086714,28533.85558410082,256
ragged,1024,5,numpy,set,1448,16,120,129.18981795451145,,129.15675284830286,129.4155111963846,65536
ragged,1024,5,packed,get,912,28,64,55.939674226124225,,55.86147366898331,55.98545094187557,131072
ragged,1024,5,packed,row-copy,912,88,224,75.83999739324554,,75.75384586289147,75.95539130988982,131072
ragged,1024,5,packed,row-view,912,784,136,47.17095869466448,,47.005967118707304,47.34039293907699,131072
ragged,1024,5,packed,count,912,28,64,108.60442856142072,0.10605901226701242,108.46774500805623,108.91341872820703,65536
ragged,1024,5,packed,equal,912,28,64,59.18025891560319,0.05779322159726874,58.095299237947984,59.99565111380889,131072
ragged,1024,5,packed,construct,912,912,27720,16810.46705925837,16.416471737557004,16776.8553183123,16869.71108938451,512
ragged,1024,5,packed,set,912,16,64,64.72269475921166,,64.58251178287355,64.89118220542878,131072
ragged,1024,5,word-aligned,get,960,28,64,56.06396413782022,,55.99053842786361,56.159972672276126,131072
ragged,1024,5,word-aligned,row-copy,960,88,224,93.05319181862615,,91.66717518382939,94.45889048720346,65536
ragged,1024,5,word-aligned,row-view,960,832,136,46.99357702975249,,46.93190724935903,47.0485677084298,131072
ragged,1024,5,word-aligned,count,960,28,64,88.68726908417557,0.0866086612150152,88.57981725896025,90.14384616534699,65536
ragged,1024,5,word-aligned,equal,960,28,64,71.70963378655415,0.07002893924468179,70.74674179818885,71.83107086916607,131072
ragged,1024,5,word-aligned,construct,960,960,27720,16479.73658691626,16.09349276066041,16160.40026419796,16826.335922814906,512
ragged,1024,5,word-aligned,set,960,16,64,64.18672882091414,,63.63296378708583,64.93472959334667,131072
1d,65536,5,python-list,construct,525240,525240,524456,198230.474779848,3.024757000424927,197901.0266950354,198548.1576411985,32
1d,65536,5,python-list,get,525240,28,64,34.368038193122175,,33.74465595840093,34.398872195140484,262144
1d,65536,5,python-list,slice-copy,525240,263096,262320,41326.498831040226,,41016.93048141897,43323.57093517203,128
1d,65536,5,python-list,gather,525240,3096,2312,3453.471208558767,,3448.709890108148,3461.120627434866,2048
1d,65536,5,python-list,iterate-sum,525240,28,144,156218.75354554504,2.3837090079581458,155941.4085932076,157256.49427622557,32
1d,65536,5,python-list,equal,525240,28,64,41639.319533715025,0.6353655934709934,40839.84276803676,42169.92238070816,128
1d,65536,5,python-list,count,525240,28,96,596145.8809906617,9.096464248514735,594606.7540207878,599072.9405311868,16
1d,65536,5,python-list,find,525240,28,65689,242907.56118716672,3.706475237841289,242609.37061626464,243283.84461114183,32
1d,65536,5,python-list,set,525240,16,64,44.384002251263155,,44.334099058573884,44.64466840659043,131072
1d,65536,5,python-list,random-get-sum,525240,28,608,7286.703066711198,,7283.407285285648,7318.075176954153,1024
1d,65536,5,python-bytes,construct,65569,65569,131282,4202.595732749614,0.06412652180098899,4182.169959676685,4219.747097522486,2048
1d,65536,5,python-bytes,get,65569,28,64,40.29592126642001,,39.939239471209476,40.81980975456645,131072
1d,65536,5,python-bytes,slice-copy,65569,32801,32921,508.50427157911327,,507.81763150098413,512.2451796069072,16384
1d,65536,5,python-bytes,gather,65569,3096,2312,5323.526465872419,,5144.572241988499,5383.096777222818,1024
1d,65536,5,python-bytes,iterate-sum,65569,28,112,159026.03627182543,2.426544742917258,156764.3412272446,159367.19137243927,32
1d,65536,5,python-bytes,equal,65569,28,64,1849.761929406668,0.028225127096659364,1844.8588434694102,1857.0761426417448,4096
1d,65536,5,python-bytes,count,65569,28,96,20703.93747999333,0.315917014770406,20579.2657652637,20867.35094053438,256
1d,65536,5,python-bytes,find,65569,28,64,27505.69547060877,0.4197036052033809,27451.335881778505,27651.85581665719,256
1d,65536,5,python-bytes,random-get-sum,65569,28,608,9168.17293727945,,9164.510629489087,9182.69824978779,1024
1d,65536,5,python-str,construct,65577,65577,65641,3490.9057831100654,0.05326699498153786,3478.678195278917,3549.702682903444,2048
1d,65536,5,python-str,get,65577,28,64,46.21442428742739,,45.37327669140723,46.85466059584087,131072
1d,65536,5,python-str,slice-copy,65577,32809,32929,560.3358204098186,,549.2222925340684,561.6938381081127,16384
1d,65536,5,python-str,gather,65577,3096,2312,5274.170007396606,,5259.562612991431,5290.527269607992,1024
1d,65536,5,python-str,iterate-sum,65577,28,256,648145.8549387753,9.889920882244496,639395.7592081279,649791.6183434427,8
1d,65536,5,python-str,equal,65577,28,64,1852.56959639446,0.028267968694983825,1816.4573134527018,1877.1564782582573,4096
1d,65536,5,python-str,count,65577,28,96,20875.32811856363,0.3185322283716374,20809.569832636043,21080.566511955112,256
1d,65536,5,python-str,find,65577,28,113,27595.054234552663,0.4210671117332865,27489.74566202378,27667.9693342885,256
1d,65536,5,python-str,random-get-sum,65577,28,608,7675.781262150849,,7654.133696632925,7693.928864682675,1024
1d,65536,5,numpy,construct,65648,65648,66088,1347.6665117195807,0.020563759028924267,1345.5300518216973,1356.4961136580678,4096
1d,65536,5,numpy,get,65648,25,88,58.45292783135392,,57.69157418455961,59.055969003907194,131072
1d,65536,5,numpy,slice-copy,65648,32880,33080,829.2134907605941,,827.117929702581,832.1991060711298,8192
1d,65536,5,numpy,gather,65648,368,416,310.6714530076715,,305.48858376278076,318.7459043374474,16384
1d,65536,5,numpy,iterate-sum,65648,28,464,1781729.2246036232,27.18703040471837,1747708.3019912243,1783833.2569226623,4
1d,65536,5,numpy,equal,65648,28,66033,4127.034685552644,0.06297355172046881,4125.264695176156,4149.189976487833,2048
1d,65536,5,numpy,count,65648,32,65793,4747.7211637669825,0.0724444757654874,4706.074719251774,4803.873480341281,2048
1d,65536,5,numpy,slice-view,65648,65760,216,96.3160253775186,,94.42392112646303,98.19921942266774,65536
1d,65536,5,numpy,find,65648,28,65633,29232.910492282826,0.4460588148846867,29196.128707553726,29313.47717094468,256
1d,65536,5,numpy,set,65648,16,64,69.34833507443727,,69.21131934234381,69.53525577557684,131072
1d,65536,5,numpy,random-get-sum,65648,28,632,16121.988210215932,,16079.589840956032,16257.486095128115,512
1d,65536,5,packed,construct,41032,41032,41336,17978.841697186,0.27433535304544066,17923.340237757657,18230.38701331825,512
1d,65536,5,packed,get,41032,28,64,44.6701040601738,,44.617012306957804,44.75212023180575,131072
1d,65536,5,packed,slice-copy,41032,20552,20744,650.9145435984465,,600.6342800901621,659.2661776494424,16384
1d,65536,5,packed,gather,41032,232,2392,1978.5259155469248,,1952.5351717675221,2007.0495452273462,4096
1d,65536,5,packed,iterate-sum,41032,28,321,343901.0615693405,5.247513756856392,343726.5695538372,344528.61291356385,16
1d,65536,5,packed,equal,41032,28,64,1101.5268626124453,0.01680796604328072,1100.9216507318342,1105.0720161165373,8192
1d,65536,5,packed,count,41032,28,96,3274.250957474578,0.049961104697793246,3269.694389018696,3293.7011837930186,2048
1d,65536,5,packed,slice-view,41032,41104,192,60.60632351534423,,60.53479673084894,60.76208514116388,131072
1d,65536,5,packed,find,41032,28,185,15289.062503143214,0.23329257969884054,11985.351648036158,20346.027213236084,512
1d,65536,5,packed,set,41032,16,64,54.98186617103329,,54.143265870720825,55.16307233222051,131072
1d,65536,5,packed,random-get-sum,41032,28,608,9750.081062520621,,9678.100695964531,10110.269613505807,1024
1d,65536,5,word-aligned,construct,43768,43768,44072,14582.843505195342,0.22251653297722385,14340.575944515876,14991.04882896063,512
1d,65536,5,word-aligned,get,43768,28,64,44.521964781552015,,43.769835755824715,44.895804407474316,131072
1d,65536,5,word-aligned,slice-copy,43768,21920,22112,4685.953626903938,,4661.682055484562,4716.980015473382,2048
1d,65536,5,word-aligned,gather,43768,248,2408,1744.2118860344635,,1741.790811138344,1750.7424558971252,4096
1d,65536,5,word-aligned,iterate-sum,43768,28,321,292227.84360172227,4.45904302370792,288122.4063457921,310738.2799498737,32
1d,65536,5,word-aligned,equal,43768,28,64,1183.2580639747903,0.018055085204693455,1182.9427535303694,1186.2894098157994,8192
1d,65536,5,word-aligned,count,43768,28,96,1793.131332306075,0.02736101276101799,1791.6462411449174,1799.1130221162166,4096
1d,65536,5,word-aligned,slice-view,43768,43840,192,60.39460842544031,,60.31099708536658,60.769714593789104,131072
1d,65536,5,word-aligned,find,43768,28,185,15684.734535170719,0.239330055773479,13453.613519232022,18240.070403408026,512
1d,65536,5,word-aligned,set,43768,16,64,54.98186617103329,,54.871872379180786,55.207573623761164,131072
1d,65536,5,word-aligned,random-get-sum,43768,28,608,9591.349680704297,,9577.677701599896,9615.519502403913,1024
matrix,65536,5,python-list,get,591384,28,64,39.86867547212114,,39.838150556192886,39.96849073928388,131072
matrix,65536,5,python-list,row-copy,591384,1380,632,147.644684034276,,144.886659114718,149.69125672337213,65536
matrix,65536,5,python-list,count,591384,28,560,627260.3641264141,9.571233583471894,626255.2633415908,628802.0231295377,8
matrix,65536,5,python-list,equal,591384,28,64,59266.9312027283,0.9043416016041306,59247.39707552362,59414.06197962351,128
matrix,65536,5,python-list,construct,591384,591384,590600,142807.29374149814,2.1790663717879966,142608.06347010657,143017.57619250566,64
matrix,65536,5,python-list,set,591384,16,64,45.854255503741115,,45.82214430115528,46.1648266281145,131072
matrix,65536,5,numpy,get,65664,25,88,83.21698174995618,,83.11398502769407,83.41343615825281,65536
matrix,65536,5,numpy,row-copy,65664,176,320,221.77124492372968,,221.60849511010383,222.15652251134088,32768
matrix,65536,5,numpy,row-view,65664,65776,160,84.3461300803483,,84.21897845778403,84.5457748255285,65536
matrix,65536,5,numpy,count,65664,32,65793,4807.983373211755,0.07336400410784538,4802.836429007584,4851.623543800088,2048
matrix,65536,5,numpy,equal,65664,28,66041,4232.9306779720355,0.0645893963313604,4222.656230012944,4239.990175847197,2048
matrix,65536,5,numpy,construct,65664,65664,98432,1138937.5140424818,17.37880728214236,1138036.5176592022,1140057.371230796,8
matrix,65536,5,numpy,set,65664,16,64,89.38853568452032,,89.31541373158325,89.77317733638301,65536
matrix,65536,5,packed,get,41096,28,64,55.639906904048075,,55.60430160755914,55.768333950823035,131072
matrix,65536,5,packed,row-copy,41096,112,248,80.66113110771767,,80.50663780068135,80.77812196916057,65536
matrix,65536,5,packed,row-view,41096,41104,136,47.65574601606204,,47.57468374805285,47.81849760604473,131072
matrix,65536,5,packed,count,41096,28,96,3280.232931501814,0.050052382377652194,3271.708465035772,3284.973104200617,2048
matrix,65536,5,packed,equal,41096,28,64,1276.9980912707979,0.019485444507916228,1272.542192509718,1288.7370530734188,4096
matrix,65536,5,packed,construct,41096,41096,1670024,860682.2520960122,13.1329689345705,859984.3713454902,863609.3698441982,8
matrix,65536,5,packed,set,41096,16,64,65.51106324081957,,65.44907371619502,65.55875309288695,131072
matrix,65536,5,word-aligned,get,43832,28,64,55.93935448189313,,55.8818200602218,56.05665620578293,131072
matrix,65536,5,word-aligned,row-copy,43832,120,256,92.81857415999184,,92.58141986379087,93.5109412125712,65536
matrix,65536,5,word-aligned,row-view,43832,43840,136,47.4596024702123,,47.03330880317935,48.579849476482195,131072
matrix,65536,5,word-aligned,count,43832,28,96,1830.017083648272,0.027923844660160402,1809.824709653185,1979.9701931333402,4096
matrix,65536,5,word-aligned,equal,43832,28,64,1324.910158473358,0.020216524634908417,1282.7958926209249,8502.5229736857,2048
matrix,65536,5,word-aligned,construct,43832,43832,1670024,841744.7679676116,12.844005858880791,832046.8477904797,877921.876963228,8
matrix,65536,5,word-aligned,set,43832,16,64,65.72628130641078,,65.67478294527973,65.88490997216923,131072
ragged,65536,5,python-list,get,595816,28,64,39.915725835726334,,39.87312169329016,39.976120191909104,131072
ragged,65536,5,python-list,row-copy,595816,1616,840,206.52899479500775,,206.35986430761477,207.0859039804418,32768
ragged,65536,5,python-list,count,595816,28,560,628833.3679549396,9.59523571708587,627989.6188061684,630255.2355919033,8
ragged,65536,5,python-list,equal,595816,28,64,61301.42901383806,0.9353855745519724,61274.09324108157,61479.82094262261,128
ragged,65536,5,python-list,construct,595816,595816,595032,171002.5971988216,2.6092925597964722,170923.15101763234,171632.81154353172,32
ragged,65536,5,python-list,set,595816,16,64,45.89494295714758,,45.77032441943629,46.30470229471939,131072
ragged,65536,5,numpy,get,74072,25,120,124.05078209098974,,121.77720520867297,129.49943695161892,65536
ragged,65536,5,numpy,row-copy,74072,202,466,392.5806311144697,,388.0793428834295,395.5789793508302,16384
ragged,65536,5,numpy,row-view,74072,65760,280,240.92736339298426,,232.72958316056247,248.0049161590614,32768
ragged,65536,5,numpy,count,74072,32,65793,4792.846652890148,0.07313303608535993,4751.058099827787,4820.333060706616,2048
ragged,65536,5,numpy,equal,74072,28,66721,5902.505790800205,0.09006509080200509,5890.8281062031165,5919.14954384265,1024
ragged,65536,5,numpy,construct,74072,74072,83643,1670197.758357972,25.48519528744464,1667781.2673151493,1673479.2734496295,4
ragged,65536,5,numpy,set,74072,16,120,130.66354398461044,,128.70724219737895,133.58242867411718,65536
ragged,65536,5,packed,get,49344,28,64,55.46315762217091,,54.843260599568566,56.69753200265859,131072
ragged,65536,5,packed,row-copy,49344,136,272,81.80299460036622,,81.68220588800068,82.05223167578879,65536
ragged,65536,5,packed,row-view,49344,41104,136,47.496795829715666,,47.45101911396432,47.72090811400176,131072
ragged,65536,5,packed,count,49344,28,96,3276.1636248324066,0.04999028968555308,3272.135245424579,3289.753976787324,2048
ragged,65536,5,packed,equal,49344,28,64,1376.5971971224644,0.021005206254920417,1375.2339214079257,1382.7412317368726,4096
ragged,65536,5,packed,construct,49344,49344,1711912,905864.6392077208,13.822397448848278,895624.9803304672,914031.2322415411,8
ragged,65536,5,packed,set,49344,16,64,65.89698919867715,,65.87664813650917,66.0883632264131,131072
ragged,65536,5,word-aligned,get,52080,28,64,56.03472885695737,,56.008978788213426,56.40920264227134,131072
ragged,65536,5,word-aligned,row-copy,52080,136,272,97.96016087193493,,97.26078786798098,99.94888472419916,65536
ragged,65536,5,word-aligned,row-view,52080,43840,136,47.701522731813384,,47.62808991642942,48.10969400637077,131072
ragged,65536,5,word-aligned,count,52080,28,96,1800.9846485256276,0.027480844856653253,1799.0012111113174,1804.1686757896969,4096
ragged,65536,5,word-aligned,equal,52080,28,64,1461.1003393838473,0.022294621877805287,1460.011731069244,1464.1929055869696,4096
ragged,65536,5,word-aligned,construct,52080,52080,1711912,867270.864546299,13.233503182163986,865979.1492391378,874854.129506275,8
ragged,65536,5,word-aligned,set,52080,16,64,65.33209351289315,,64.2414104135014,66.03558411200083,131072
1d,1024,7,python-list,construct,11832,11832,8360,3097.3915272625163,3.024796413342301,3089.7011811248376,3147.176244056027,2048
1d,1024,7,python-list,get,11832,28,64,34.1981234441846,,34.174602703274104,34.284274974538675,262144
1d,1024,7,python-list,slice-copy,11832,7680,4272,752.054802433122,,751.3936566283519,754.3792719388875,8192
1d,1024,7,python-list,gather,11832,5224,2312,3303.7518960554735,,3300.842308817664,3353.352553858713,2048
1d,1024,7,python-list,iterate-sum,11832,28,144,2466.369664944068,2.4085641259219415,2425.0282422144664,2508.9926793953055,2048
1d,1024,7,python-list,equal,11832,28,64,708.297733353902,0.6916970052284199,707.3008987390494,709.4625402714883,8192
1d,1024,7,python-list,count,11832,28,64,9254.353471987997,9.037454562488278,9235.35162655753,9298.706117988331,1024
1d,1024,7,python-list,find,11832,28,1177,3807.759753726714,3.718515384498744,3805.847200055723,3824.869622803817,2048
1d,1024,7,python-list,set,11832,16,64,44.48000190393486,,44.418655420486175,44.528007947519654,131072
1d,1024,7,python-list,random-get-sum,11832,28,608,8006.95784164418,,8000.6514053820865,8019.937695280532,1024
1d,1024,7,python-bytes,construct,1057,1057,2258,198.9593485518526,0.19429623882016855,197.77807125365143,201.36261014158663,32768
1d,1024,7,python-bytes,get,1057,28,64,40.031119752370614,,39.8791648592578,41.0051335109074,131072
1d,1024,7,python-bytes,slice-copy,1057,545,665,93.41176010480012,,93.3450152729165,93.81994559021223,65536
1d,1024,7,python-bytes,gather,1057,5224,2312,5339.152266969904,,5335.368314263178,5351.603476810851,1024
1d,1024,7,python-bytes,iterate-sum,1057,28,112,2574.9916403583484,2.5146402737874496,2573.8730755620054,2581.05467310088,2048
1d,1024,7,python-bytes,equal,1057,28,64,61.827027053595884,0.06037795610702723,60.71249458727834,62.17256931506654,131072
1d,1024,7,python-bytes,count,1057,28,64,382.99053528589866,0.3740141946151354,382.2123346708395,383.8908071429614,16384
1d,1024,7,python-bytes,find,1057,28,64,385.70154003991775,0.3766616601952322,385.19543466009054,386.95782222930575,16384
1d,1024,7,python-bytes,random-get-sum,1057,28,608,9752.075357027934,,9744.995168148307,9783.447239897214,1024
1d,1024,7,python-str,construct,1065,1065,1129,148.96583522272522,0.1454744484596926,147.31852715499372,150.71742254235687,65536
1d,1024,7,python-str,get,1065,28,64,46.2210927310025,,46.17404947282466,46.30470407107623,131072
1d,1024,7,python-str,slice-copy,1065,553,673,97.47250473424174,,96.5366346861174,98.41220105499815,65536
1d,1024,7,python-str,gather,1065,5224,2312,5308.430672812392,,5304.1992487123935,5331.583906809101,1024
1d,1024,7,python-str,iterate-sum,1065,28,256,10115.64245345653,9.878557083453643,10101.80676530581,10143.23061099276,512
1d,1024,7,python-str,equal,1065,28,64,57.588255941709576,0.05623853119307576,57.537079101166455,57.63975430284063,131072
1d,1024,7,python-str,count,1065,28,64,398.12981356135424,0.38879864605601,395.21539463294175,399.0325865288469,16384
1d,1024,7,python-str,find,1065,28,113,418.22815433079086,0.40842593196366295,417.7169756758303,419.5200915546593,16384
1d,1024,7,python-str,random-get-sum,1065,28,608,8178.6297414510045,,8168.334943547961,8201.253876904957,1024
1d,1024,7,numpy,construct,1136,1136,1576,502.108207456331,0.49034004634407324,496.932983651277,508.85516600374103,16384
1d,1024,7,numpy,get,1136,25,88,59.501335414324785,,59.4495155326058,59.620225201229005,131072
1d,1024,7,numpy,slice-copy,1136,624,824,254.61960007078233,,254.44793294582269,255.2248545839575,32768
1d,1024,7,numpy,gather,1136,368,416,310.7376045363708,,310.51892790401325,311.31743583046045,16384
1d,1024,7,numpy,iterate-sum,1136,28,462,28415.855922503397,27.749859299319724,28374.512112350203,28498.534447862767,256
1d,1024,7,numpy,equal,1136,28,1521,1035.3851394029334,1.0111183001981772,1032.5775292585604,1040.4611714420753,8192
1d,1024,7,numpy,count,1136,32,1281,814.0920328969514,0.7950117508759291,807.1797878983489,816.9047873707314,8192
1d,1024,7,numpy,slice-view,1136,1248,216,96.6510782518526,,96.58686650482196,96.93272673416686,65536
1d,1024,7,numpy,find,1136,28,1121,451.22271785658086,0.44064718540681724,449.22131792191067,465.82030677200237,16384
1d,1024,7,numpy,set,1136,16,64,69.2151420622622,,69.16300954173948,69.31209561855667,131072
1d,1024,7,numpy,random-get-sum,1136,28,632,17329.753973172046,,17315.511740889633,17374.75577101577,512
1d,1024,7,packed,construct,968,968,1272,547.4726521015327,0.5346412618179031,546.1120622385351,548.4695435598042,16384
1d,1024,7,packed,get,968,28,64,44.41420742296032,,44.356667672218464,44.53563562378804,131072
1d,1024,7,packed,slice-copy,968,520,712,98.37977543725174,,98.29011560213985,98.64172412221706,65536
1d,1024,7,packed,gather,968,296,2456,2137.9597114901117,,2128.1738327161293,2144.9787368510442,4096
1d,1024,7,packed,iterate-sum,968,28,321,5703.8575960177695,5.570173433611103,5689.615136361681,5782.756034022896,1024
1d,1024,7,packed,equal,968,28,64,57.162285571621396,0.05582254450353652,57.128906050252226,57.302473877030025,131072
1d,1024,7,packed,count,968,28,64,102.1626729880154,0.09976823533985879,102.08448841808604,102.45640424955127,65536
1d,1024,7,packed,slice-view,968,1040,192,60.33770816316064,,60.26268017933489,60.4826588812557,131072
1d,1024,7,packed,find,968,28,185,329.24909021403437,0.32153231466214294,328.97949608923227,330.2230737745049,16384
1d,1024,7,packed,set,968,16,64,54.913840585868456,,54.87346577126573,55.014609756653954,131072
1d,1024,7,packed,random-get-sum,968,28,608,10503.986686671851,,10491.618922969792,10531.820407777559,512
1d,1024,7,word-aligned,construct,984,984,1288,486.5646303642279,0.47516077184006633,479.12084255585796,489.0034830395962,16384
1d,1024,7,word-aligned,get,984,28,64,44.699349999177684,,44.64975589257847,44.80965465347708,131072
1d,1024,7,word-aligned,slice-copy,984,528,720,198.82711654872764,,198.41894527417026,201.27868083363865,32768
1d,1024,7,word-aligned,gather,984,304,2464,2075.917507227132,,2063.405474928004,2082.2650981244806,4096
1d,1024,7,word-aligned,iterate-sum,984,28,321,4995.361223336658,4.8782824446647055,4992.594767827541,5018.066303819069,1024
1d,1024,7,word-aligned,equal,984,28,64,80.24089126479339,0.0783602453757748,80.193832019404,80.5218967059318,65536
1d,1024,7,word-aligned,count,984,28,64,92.01431083738498,0.08985772542713377,90.18961932838465,94.51484572764457,65536
1d,1024,7,word-aligned,slice-view,984,1056,192,60.31036470233175,,60.23757137540997,60.498878795556266,131072
1d,1024,7,word-aligned,find,984,28,185,338.21868328232085,0.33029168289289146,337.1327608192587,343.08366991808725,16384
1d,1024,7,word-aligned,set,984,16,64,55.455208425314595,,54.343542998935845,55.787408470564515,131072
1d,1024,7,word-aligned,random-get-sum,984,28,608,10303.304861736251,,10271.728569932748,10350.259344704682,512
matrix,1024,7,python-list,get,12856,28,64,38.55864783020024,,38.464545326633015,39.11749324458924,131072
matrix,1024,7,python-list,row-copy,12856,2080,632,145.732254708264,,144.49183893816553,145.93696562315017,65536
matrix,1024,7,python-list,count,12856,28,560,9880.208835966187,9.648641441373229,9874.673651211197,10268.55443342356,512
matrix,1024,7,python-list,equal,12856,28,64,932.9579029326851,0.9110917020827003,932.6832355327497,933.9040616396233,8192
matrix,1024,7,python-list,construct,12856,12856,9384,2261.759505017835,2.2087495166189797,2260.80322818234,2262.868406432972,4096
matrix,1024,7,python-list,set,12856,16,64,44.66342851117133,,44.632590956439344,44.70443748516573,131072
matrix,1024,7,numpy,get,1152,25,88,83.06630050469721,,82.89845254694228,83.35876344744975,65536
matrix,1024,7,numpy,row-copy,1152,176,320,220.44119418751507,,219.84481435310954,222.29257723438423,32768
matrix,1024,7,numpy,row-view,1152,1264,160,82.77385177279939,,82.39109661190014,83.56347436233591,65536
matrix,1024,7,numpy,count,1152,32,1281,841.0238194755948,0.8213123237066355,839.17234405817,843.2617164544354,8192
matrix,1024,7,numpy,equal,1152,28,1465,1044.2300890645129,1.0197559463520633,1043.2790418235527,1048.6450321423035,8192
matrix,1024,7,numpy,construct,1152,1152,1664,18066.406028083293,17.64297463680009,18055.1755875058,18118.245861842297,512
matrix,1024,7,numpy,set,1152,16,64,88.03875672924732,,87.94911110499015,88.05148610235847,65536
matrix,1024,7,packed,get,1032,28,64,55.286086819705815,,55.21074619707633,55.39289738010211,131072
matrix,1024,7,packed,row-copy,1032,128,264,79.84478500588921,,79.746246939294,80.17921260261573,65536
matrix,1024,7,packed,row-view,1032,1040,136,46.73671760713205,,46.62513752862196,46.77232290362099,131072
matrix,1024,7,packed,count,1032,28,64,108.61270283157864,0.10606709260896352,107.08236430900797,109.69861108378609,65536
matrix,1024,7,packed,equal,1032,28,64,64.61206858432433,0.06309772322687923,64.5650253261465,64.68645530333106,131072
matrix,1024,7,packed,construct,1032,1032,27144,16921.63050392992,16.52502978899406,16887.939636944793,16979.736301436787,512
matrix,1024,7,packed,set,1032,16,64,65.17251627258247,,65.08573235919357,65.34448893091849,131072
matrix,1024,7,word-aligned,get,1048,28,64,55.6942669760474,,55.655158703871166,55.77118677990711,131072
matrix,1024,7,word-aligned,row-copy,1048,136,272,86.81042373837045,,86.74495077798383,86.9655636392963,65536
matrix,1024,7,word-aligned,row-view,1048,1056,136,46.74625486700279,,46.73226960960619,46.82604171080129,131072
matrix,1024,7,word-aligned,count,1048,28,64,96.90666402661918,0.0946354140884953,96.8717017713061,97.18003823877552,65536
matrix,1024,7,word-aligned,equal,1048,28,64,84.57248057425204,0.08259031306079301,84.45867649697902,85.858030018926,65536
matrix,1024,7,word-aligned,construct,1048,1048,27144,16456.298908451572,16.07060440278474,16192.462680919562,16774.494270066498,512
matrix,1024,7,word-aligned,set,1048,16,64,64.90643222889503,,64.87400838750546,64.96047966209062,131072
ragged,1024,7,python-list,get,13112,28,64,38.34788486756224,,38.32689721150473,40.54355606797344,131072
ragged,1024,7,python-list,row-copy,13112,2380,736,185.8940166243883,,185.81643246307067,185.9486999933324,32768
ragged,1024,7,python-list,count,13112,28,560,9965.98237179569,9.732404659956728,9958.0879577843,9976.72441371833,512
ragged,1024,7,python-list,equal,13112,28,64,955.8664544329076,0.9334633344071364,949.1221817370388,956.0445448641985,8192
ragged,1024,7,python-list,construct,13112,13112,9640,2746.745167314657,2.6823683274557197,2745.15775799955,2752.1972469912726,2048
ragged,1024,7,python-list,set,13112,16,64,44.43295331668651,,44.39544731837941,44.46347823261476,131072
ragged,1024,7,numpy,get,1464,25,120,122.2120822319539,,122.09384081529606,123.25349274533437,65536
ragged,1024,7,numpy,row-copy,1464,189,453,383.5271513707994,,383.1965358358502,388.5294717065335,16384
ragged,1024,7,numpy,row-view,1464,1248,280,243.9689694710978,,240.1873189228354,250.94986000340214,32768
ragged,1024,7,numpy,count,1464,32,1281,823.5015798163658,0.8042007615394198,822.9320087593806,824.1475768500095,8192
ragged,1024,7,numpy,equal,1464,28,2209,2248.2910253529553,2.1955967044462454,2245.341079287755,2249.3183564620267,4096
ragged,1024,7,numpy,construct,1464,1464,2875,28465.656214393675,27.798492396868824,28445.47270797193,28651.690627157222,256
ragged,1024,7,numpy,set,1464,16,120,129.43585048219575,,129.33476511989284,129.7810818812195,65536
ragged,1024,7,packed,get,1184,28,64,55.505440244019155,,55.44599090967495,55.528960984929654,131072
ragged,1024,7,packed,row-copy,1184,144,280,83.28564504722635,,83.14767541151014,84.0415950165152,65536
ragged,1024,7,packed,row-view,1184,1040,136,47.037124417670384,,46.99738909152984,47.284759219223815,131072
ragged,1024,7,packed,count,1184,28,64,109.35910310649888,0.10679599912744031,106.38490266501321,110.22758528156373,65536
ragged,1024,7,packed,equal,1184,28,64,65.17664452587724,0.06364906691980199,64.95253757066166,66.01969282371556,131072
ragged,1024,7,packed,construct,1184,1184,27848,17306.07027639053,16.900459254287625,17293.62111291266,17350.503640045645,512
ragged,1024,7,packed,set,1184,16,64,64.71729285806305,,64.62447288413387,64.91851856083031,131072
ragged,1024,7,word-aligned,get,1200,28,64,56.19653364874466,,56.08145059454728,56.59294188831154,131072
ragged,1024,7,word-aligned,row-copy,1200,144,280,90.36445547394578,,90.24302727311806,91.99587935881937,65536
ragged,1024,7,word-aligned,row-view,1200,1056,136,47.05493061862853,,46.300247191766175,47.184943952061076,131072
ragged,1024,7,word-aligned,count,1200,28,64,97.06306514090102,0.09478814955166115,96.96388048041626,97.20929128320677,65536
ragged,1024,7,word-aligned,equal,1200,28,64,85.88282796040403,0.08386994918008206,85.84022381796785,86.0500328769831,65536
ragged,1024,7,word-aligned,construct,1200,1200,27848,16613.363641226897,16.22398793088564,16604.898519290145,16644.449260638794,512
ragged,1024,7,word-aligned,set,1200,16,64,64.46075495603054,,64.41593036754512,64.61492851883577,131072
1d,65536,7,python-list,construct,527928,527928,524456,199157.56274713203,3.0389032401600957,198398.44026137143,199825.53203590214,32
1d,65536,7,python-list,get,527928,28,64,34.15441529597274,,34.13566229681919,34.25471106766054,262144
1d,65536,7,python-list,slice-copy,527928,265784,262320,41056.968257180415,,40924.47670700494,41896.81203570217,128
1d,65536,7,python-list,gather,527928,5280,2312,3417.0327580795856,,3414.6528378187213,3461.832534412679,2048
1d,65536,7,python-list,iterate-sum,527928,28,144,156014.968524687,2.3805994953107756,155955.07647958584,156481.77941329777,64
1d,65536,7,python-list,equal,527928,28,64,48072.26468983572,0.7335245466588702,47972.009269869886,48632.16418016236,128
1d,65536,7,python-list,count,527928,28,96,589018.251048401,8.98770524671022,582083.3757752553,593109.376495704,16
1d,65536,7,python-list,find,527928,28,65689,242666.6542305611,3.702799289406755,241546.86980182305,243457.02695427462,32
1d,65536,7,python-list,set,527928,16,64,44.29404576455909,,44.27211131030617,44.311523339501946,131072
1d,65536,7,python-list,random-get-sum,527928,28,608,7319.6611083403695,,7287.2724103945075,7398.27441975649,1024
1d,65536,7,python-bytes,construct,65569,65569,131282,4370.910687612195,0.06669480419330132,4283.833959561889,4388.915954223194,2048
1d,65536,7,python-bytes,get,65569,28,64,40.610633078586034,,40.595375949692425,40.7752995812416,131072
1d,65536,7,python-bytes,slice-copy,65569,32801,32921,508.62634282111685,,507.9803457874732,510.7828968675676,16384
1d,65536,7,python-bytes,gather,65569,5280,2312,5203.613227422466,,5194.17380928644,5215.127885094262,1024
1d,65536,7,python-bytes,iterate-sum,65569,28,112,159251.31447147578,2.4299822154461026,158885.4065630585,159440.09646773338,32
1d,65536,7,python-bytes,equal,65569,28,64,1817.0876501244493,0.027726557161322773,1814.8598996958754,1818.7358818977373,4096
1d,65536,7,python-bytes,count,65569,28,96,20776.691599166952,0.3170271545283043,20758.952814503573,20889.488951070234,256
1d,65536,7,python-bytes,find,65569,28,64,26632.00029928703,0.40637207487925764,26600.09795363294,27249.83551161131,256
1d,65536,7,python-bytes,random-get-sum,65569,28,608,9145.101557805901,,8971.231636678567,9148.96668291476,1024
1d,65536,7,python-str,construct,65577,65577,65641,3900.3701886031195,0.05951492597355834,3845.7030768768163,3976.460448029684,2048
1d,65536,7,python-str,get,65577,28,64,46.7786804847492,,45.328460984706,48.169136235287624,131072
1d,65536,7,python-str,slice-copy,65577,32809,32929,720.8506502820455,,712.9516603754382,769.0252061820502,16384
1d,65536,7,python-str,gather,65577,5280,2312,5296.142717270413,,5282.104439174873,5317.260956871905,1024
1d,65536,7,python-str,iterate-sum,65577,28,256,640046.8701031059,9.76634018101663,627354.2530834675,649812.4857898802,8
1d,65536,7,python-str,equal,65577,28,64,1809.2243294631771,0.027606572410021624,1808.217291454639,1810.6078982782492,4096
1d,65536,7,python-str,count,65577,28,96,20424.96453213971,0.31166022540496385,20404.29626504192,20498.859157669358,256
1d,65536,7,python-str,find,65577,28,113,26619.953132467344,0.40618824970195533,26603.35121618118,26653.80816324614,256
1d,65536,7,python-str,random-get-sum,65577,28,608,7621.826171089197,,7615.925596837769,7708.415068918839,1024
1d,65536,7,numpy,construct,65648,65648,66088,1388.641351240949,0.021188985462050614,1333.3740298548946,1392.4255313213507,4096
1d,65536,7,numpy,get,65648,25,88,58.58294649385698,,58.51459583539054,58.8423390013304,131072
1d,65536,7,numpy,slice-copy,65648,32880,33080,802.4242106330348,,797.5463915954606,804.3163006732357,8192
1d,65536,7,numpy,gather,65648,368,416,310.68421435520577,,310.4273673670832,311.1877475703295,16384
1d,65536,7,numpy,iterate-sum,65648,28,464,1784677.2680059075,27.232013977140923,1781385.5083659291,1789427.0131364465,4
1d,65536,7,numpy,equal,65648,28,66033,4164.469146417105,0.06354475626246803,4154.296902925125,4222.065854264656,2048
1d,65536,7,numpy,count,65648,32,65793,4785.380383509619,0.07301910985579863,4754.293058795156,4891.194862466364,2048
1d,65536,7,numpy,slice-view,65648,65760,216,96.37768627612786,,96.2295523265766,96.81255974669511,65536
1d,65536,7,numpy,find,65648,28,65633,28330.402528808918,0.43228763624281186,28278.64864229923,28419.593945727684,256
1d,65536,7,numpy,set,65648,16,64,69.31495732942494,,69.25328754903148,69.47390041034396,131072
1d,65536,7,numpy,random-get-sum,65648,28,632,16129.31237104931,,16126.301034091739,16164.062799362,512
1d,65536,7,packed,construct,57416,57416,57720,20466.637579374947,0.3122961056423179,20365.722775750328,20539.55086012138,256
1d,65536,7,packed,get,57416,28,64,44.31438505037022,,44.2902230446407,44.61510449971229,131072
1d,65536,7,packed,slice-copy,57416,28744,28936,853.8004010461009,,829.1625874790043,870.1883587036718,8192
1d,65536,7,packed,gather,57416,296,2456,2095.6015305273468,,2092.773456752184,2101.104769280937,4096
1d,65536,7,packed,iterate-sum,57416,28,321,355393.18923838437,5.422869708837652,354351.56314633787,362023.43471813947,16
1d,65536,7,packed,equal,57416,28,64,1551.930608911789,0.02368058180102217,1550.028343899612,1556.376219014055,4096
1d,65536,7,packed,count,57416,28,96,3274.617711213068,0.04996670091572675,3269.002490924322,3285.4004530236125,2048
1d,65536,7,packed,slice-view,57416,57488,192,60.22071907807458,,60.19432774451161,60.49601708468799,131072
1d,65536,7,packed,find,57416,28,185,13314.94149781065,0.20316988369462052,13267.08979831892,13473.224498739,512
1d,65536,7,packed,set,57416,16,64,55.056252890040014,,55.03909328297141,55.30229962857902,131072
1d,65536,7,packed,random-get-sum,57416,28,608,9821.697403822327,,9813.476481213002,10048.828244180186,512
1d,65536,7,word-aligned,construct,58328,58328,58632,15155.353594309418,0.2312523436631686,14997.884591139155,15195.312244031811,512
1d,65536,7,word-aligned,get,58328,28,64,44.70793157906883,,44.6465833192633,44.812516364345356,131072
1d,65536,7,word-aligned,slice-copy,58328,29200,29392,6213.582992131705,,6158.488304208731,6242.187509997166,1024
1d,65536,7,word-aligned,gather,58328,304,2464,1813.049323118321,,1811.8896605301416,1817.993165786902,4096
1d,65536,7,word-aligned,iterate-sum,58328,28,321,310832.03066373244,4.742920389766425,310522.1258010715,311048.1848125346,32
1d,65536,7,word-aligned,equal,58328,28,64,1601.2065202630765,0.024432472538193917,1583.7604792068305,1619.1200984394527,4096
1d,65536,7,word-aligned,count,58328,28,96,2376.27170918131,0.036259028765583956,2374.6948158986925,2382.7514610275102,4096
1d,65536,7,word-aligned,slice-view,58328,58400,192,60.28620092024539,,60.25123688857548,60.31354615743112,131072
1d,65536,7,word-aligned,find,58328,28,185,14311.443464976037,0.21837529701196345,14286.377336247824,14460.204965871526,512
1d,65536,7,word-aligned,set,58328,16,64,54.74058539789439,,53.99640556902341,55.43804171281863,131072
1d,65536,7,word-aligned,random-get-sum,58328,28,608,9664.266599429538,,9660.80756370502,9684.204087534454,1024
matrix,65536,7,python-list,get,594072,28,64,38.550377112755996,,38.48298568698283,38.71504894448208,131072
matrix,65536,7,python-list,row-copy,594072,1828,632,149.1699208600039,,149.03259071274988,149.7052579679803,65536
matrix,65536,7,python-list,count,594072,28,560,624791.7481232435,9.533565492603202,624275.9991437197,626713.503152132,8
matrix,65536,7,python-list,equal,594072,28,64,58767.89873582311,0.8967269704562852,58558.91322426032,58881.179938907735,128
matrix,65536,7,python-list,construct,594072,594072,590600,141938.15513863228,2.1658043691807904,141664.06253934838,147589.18769075535,64
matrix,65536,7,python-list,set,594072,16,64,45.82119039753252,,45.576728169294256,45.978859830597685,131072
matrix,65536,7,numpy,get,65664,25,88,83.07838328391881,,82.92007436239146,83.96403217147963,65536
matrix,65536,7,numpy,row-copy,65664,176,320,221.6567978052808,,217.86755155517312,221.89455961552085,32768
matrix,65536,7,numpy,row-view,65664,65776,160,83.98754758331961,,83.87629790718165,84.53305255784471,65536
matrix,65536,7,numpy,count,65664,32,65793,4840.901397074049,0.07386629329031447,4833.740149479127,4861.145043832948,2048
matrix,65536,7,numpy,equal,65664,28,66041,4243.753892296809,0.06475454547572035,4230.712875141762,4321.939968576771,2048
matrix,65536,7,numpy,construct,65664,65664,98432,1138859.3702577055,17.377614902613914,1137203.1294740736,1140437.4963603914,8
matrix,65536,7,numpy,set,65664,16,64,89.28680372832787,,89.03503356805231,89.35611006677391,65536
matrix,65536,7,packed,get,57480,28,64,55.11856038253882,,55.056251113683174,55.27051527565163,131072
matrix,65536,7,packed,row-copy,57480,128,264,80.61280709625862,,80.48756328093987,80.84234792704592,65536
matrix,65536,7,packed,row-view,57480,57488,136,47.30097202809702,,47.25646896019953,47.40333459096746,131072
matrix,65536,7,packed,count,57480,28,96,3281.595695625583,0.05007317650795873,3273.315428486967,3283.6509262779146,2048
matrix,65536,7,packed,equal,57480,28,64,1788.7978742692212,0.027294889438922443,1784.6576838564943,1792.9280033968098,4096
matrix,65536,7,packed,construct,57480,57480,1670024,875364.6397963166,13.357004391423288,874260.3531572968,888723.9964678884,8
matrix,65536,7,packed,set,57480,16,64,65.6172396418242,,65.58990506277951,65.94021684236395,131072
matrix,65536,7,word-aligned,get,58392,28,64,55.406571775051816,,55.338539084459626,55.49558323991732,131072
matrix,65536,7,word-aligned,row-copy,58392,136,272,87.84421012819621,,87.7602843729619,87.94593853167498,65536
matrix,65536,7,word-aligned,row-view,58392,58400,136,47.403021952163726,,46.70938125173052,47.96886443614312,131072
matrix,65536,7,word-aligned,count,58392,28,96,2380.116711719893,0.03631769884826497,2377.1361838953453,2390.8589241727896,4096
matrix,65536,7,word-aligned,equal,58392,28,64,1844.4008560436487,0.028143323609064463,1840.5964397061325,1845.6218526807788,4096
matrix,65536,7,word-aligned,construct,58392,58392,1670024,829848.8974105567,12.662489279335887,828869.7281386703,830859.3824040145,8
matrix,65536,7,word-aligned,set,58392,16,64,65.64712506929027,,65.60897958252099,66.81823627729955,131072
ragged,65536,7,python-list,get,597488,28,64,39.865815537609706,,39.82544072300698,39.999962453407534,131072
ragged,65536,7,python-list,row-copy,597488,2696,912,218.57580634332407,,218.45244901896876,218.7449297252897,32768
ragged,65536,7,python-list,count,597488,28,560,625880.1149670035,9.550172652694755,625416.7528823018,627656.2344282866,8
ragged,65536,7,python-list,equal,597488,28,64,60035.47605359927,0.9160686653686412,59981.774029438384,60200.51478117239,128
ragged,65536,7,python-list,construct,597488,597488,594016,171861.96782859042,2.6224055149626224,168429.6876192093,176652.34190644696,32
ragged,65536,7,python-list,set,597488,16,64,45.88127211491155,,45.73535861140954,46.76024012439939,131072
ragged,65536,7,numpy,get,73936,25,120,125.54295025779538,,124.58546194693554,135.2265641685335,65536
ragged,65536,7,numpy,row-copy,73936,211,475,383.94421153498115,,382.63958401785203,385.4954826465473,16384
ragged,65536,7,numpy,row-view,73936,65760,280,237.67852752598628,,237.4204086663667,238.92974354566832,32768
ragged,65536,7,numpy,count,73936,32,65793,4788.472551808809,0.07306629259962172,4747.110779135255,4805.379376193741,2048
ragged,65536,7,numpy,equal,73936,28,66721,5859.700195287587,0.08941192924938335,5845.785153724137,5914.144594498794,1024
ragged,65536,7,numpy,construct,73936,73936,83371,1672093.6982892454,25.514125034931112,1669510.5005055666,1699947.9848891497,4
ragged,65536,7,numpy,set,73936,16,120,130.69343651750387,,130.62539494512748,131.03549179049878,65536
ragged,65536,7,packed,get,65592,28,64,55.88372076203996,,55.83063433789448,55.98831265274384,131072
ragged,65536,7,packed,row-copy,65592,160,296,86.05766055325148,,85.9559321497727,87.33876200039958,65536
ragged,65536,7,packed,row-view,65592,57488,136,47.509827183489506,,47.48535253895625,47.61060345970236,131072
ragged,65536,7,packed,count,65592,28,96,3279.7851190480287,0.05004554930188032,3273.2139061408816,3297.017542536196,2048
ragged,65536,7,packed,equal,65592,28,64,1792.0432355822413,0.027344409722629415,1790.110104593623,1796.2851188713103,4096
ragged,65536,7,packed,construct,65592,65592,1710552,914494.7398453951,13.954082334066698,913406.2565863132,916661.4909190685,8
ragged,65536,7,packed,set,65592,16,64,65.47514352917005,,64.63209523133173,67.001021619717,131072
ragged,65536,7,word-aligned,get,66504,28,64,56.317963625929224,,56.26392329816099,56.437173157064535,131072
ragged,65536,7,word-aligned,row-copy,66504,160,296,91.01295717073299,,90.82159380113808,92.16055474325913,65536
ragged,65536,7,word-aligned,row-view,66504,58400,136,47.45069936973323,,47.37027836654306,49.35677289097384,131072
ragged,65536,7,word-aligned,count,66504,28,96,2377.451664870023,0.03627703346054112,2376.4648062751803,2386.332312198647,4096
ragged,65536,7,word-aligned,equal,66504,28,64,1826.3752394886978,0.02786827452833096,1824.2087662656559,1831.6650880478846,4096
ragged,65536,7,word-aligned,construct,66504,66504,1710552,863906.2580186874,13.18216336088085,862484.3903817236,865973.9978611469,8
ragged,65536,7,word-aligned,set,66504,16,64,65.26534157558217,,65.2500773412612,65.39853636411408,131072
1d,1048576,2,python-list,construct,8388776,8388776,8388776,3182520.973496139,3.0350885138474837,3169520.990923047,3248666.529543698,2
1d,1048576,2,python-list,get,8388776,28,64,34.138996518606746,,34.099739032456,34.27553174617515,262144
1d,1048576,2,python-list,slice-copy,8388776,4194472,4194480,668250.0243186951,,667198.0081591755,669166.6494589299,8
1d,1048576,2,python-list,gather,8388776,2312,2312,3473.713832136127,,3471.0288900896558,3475.708012956602,2048
1d,1048576,2,python-list,iterate-sum,8388776,28,144,2564604.044891894,2.4457970093649806,2555625.047534704,2568271.0111141205,2
1d,1048576,2,python-list,equal,8388776,28,64,784463.5110814124,0.7481227026762127,782437.5061318278,785062.4970160425,8
1d,1048576,2,python-list,count,8388776,28,96,9446958.778426051,9.009321955133487,9376042.056828737,9475790.89552164,1
1d,1048576,2,python-list,find,8388776,28,1048761,3530604.0663272142,3.3670464194557326,3520875.0050514936,3541291.9241935015,2
1d,1048576,2,python-list,set,8388776,16,64,44.26416033709302,,44.18087051760722,44.47015378161723,131072
1d,1048576,2,python-list,random-get-sum,8388776,28,608,7386.271363429842,,7384.806622212636,7393.432724711602,1024
1d,1048576,2,python-bytes,construct,1048609,1048609,2097362,45819.99201036524,0.04369734955822491,45559.24897431396,45909.82825902756,128
1d,1048576,2,python-bytes,get,1048609,28,64,40.622390784506024,,40.59791436361593,40.72157366863394,131072
1d,1048576,2,python-bytes,slice-copy,1048609,524321,524441,9325.887731392868,,8890.096523828106,9479.777418164304,1024
1d,1048576,2,python-bytes,gather,1048609,2312,2312,5215.617193243816,,5209.756636759266,5362.752062865184,1024
1d,1048576,2,python-bytes,iterate-sum,1048609,28,112,2543583.5123062134,2.4257502673208364,2540646.0044905543,2553416.5324643254,2
1d,1048576,2,python-bytes,equal,1048609,28,64,27419.598154665437,0.026149366526284634,27290.03881540848,27715.007490769494,256
1d,1048576,2,python-bytes,count,1048609,28,96,339947.9319341481,0.32419961160101707,333841.17705281824,343554.6823311597,16
1d,1048576,2,python-bytes,find,1048609,28,96,73109.69522222877,0.0697228386137283,73036.45361389499,74952.14777009096,128
1d,1048576,2,python-bytes,random-get-sum,1048609,28,608,9149.90232558921,,9146.118145508808,9164.59180189122,1024
1d,1048576,2,python-str,construct,1048617,1048617,1048681,59452.46994087938,0.05669829362953127,59407.54635958001,59563.7975493446,128
1d,1048576,2,python-str,get,1048617,28,64,46.069464687548134,,46.057380131969694,46.193122216209304,131072
1d,1048576,2,python-str,slice-copy,1048617,524329,524449,8800.496061667218,,8712.80963110621,8999.593774206005,1024
1d,1048576,2,python-str,gather,1048617,2312,2312,5322.876177160651,,5319.4171414361335,5337.564289220609,1024
1d,1048576,2,python-str,iterate-sum,1048617,28,256,10175916.133448482,9.704509862373811,10167040.86214304,10184749.960899353,1
1d,1048576,2,python-str,equal,1048617,28,64,27334.473088558298,0.02606818493705587,27291.668629914057,27389.32380452752,256
1d,1048576,2,python-str,count,1048617,28,96,328981.812344864,0.3137415049980774,325723.94411545247,340041.68992396444,16
1d,1048576,2,python-str,find,1048617,28,145,74780.92084056698,0.0713166435628576,73903.64771708846,75354.8119973857,128
1d,1048576,2,python-str,random-get-sum,1048617,28,608,7658.03997637704,,7655.965873709647,7681.4376370748505,1024
1d,1048576,2,numpy,construct,1048688,1048688,1049128,19415.118913457263,0.01851570025773741,19334.63454406592,19572.7538994106,512
1d,1048576,2,numpy,get,1048688,25,88,58.47295270200448,,57.408652054391496,58.57690510424618,131072
1d,1048576,2,numpy,slice-copy,1048688,524400,524600,9505.900379735976,,9483.967915002722,9605.87590270734,1024
1d,1048576,2,numpy,gather,1048688,368,416,310.76299933374685,,310.59015270784585,310.8902006943026,16384
1d,1048576,2,numpy,iterate-sum,1048688,28,468,29101917.054504156,27.75375085306564,28674874.920397997,29399832.943454385,1
1d,1048576,2,numpy,equal,1048688,28,1049073,48110.679927049205,0.045881919791268544,46444.66389436275,48948.57011095155,128
1d,1048576,2,numpy,count,1048688,32,1048833,64623.704020050354,0.06162996675496135,64589.51611421071,64639.976699254476,128
1d,1048576,2,numpy,slice-view,1048688,1048800,216,97.08087134185917,,96.96707081729983,97.31292749393106,65536
1d,1048576,2,numpy,find,1048688,28,1048705,94013.01576872356,0.08965779854652745,93819.01691085659,95119.1432250198,64
1d,1048576,2,numpy,set,1048688,16,64,70.19933256913191,,68.85497327857593,71.26966927728517,131072
1d,1048576,2,numpy,random-get-sum,1048688,28,632,16267.495993815828,,16253.662124654511,16286.53899388155,512
1d,1048576,2,packed,construct,262216,262216,262520,238345.0628258288,0.22730356485922698,238231.78344173357,239863.27869351953,32
1d,1048576,2,packed,get,262216,28,64,44.126823084411626,,43.131828775244685,44.17419496860475,131072
1d,1048576,2,packed,slice-copy,262216,131144,131336,3848.28661026404,,3844.3403127530473,3923.2178323800326,2048
1d,1048576,2,packed,gather,262216,136,2296,1652.9743334103841,,1651.631635013473,1658.0302713009587,4096
1d,1048576,2,packed,iterate-sum,262216,28,321,4648895.934224129,4.433532652114991,4639812.51232326,4660812.439396977,2
1d,1048576,2,packed,equal,262216,28,64,6714.111350447638,0.006403075552413595,6689.45313009317,6775.797828595387,1024
1d,1048576,2,packed,count,262216,28,96,10547.525562287774,0.01005890423039224,10529.21516020433,10572.347946435912,512
1d,1048576,2,packed,slice-view,262216,262288,192,60.570084059463625,,60.51126888451108,61.219855851391,131072
1d,1048576,2,packed,find,262216,28,185,72209.64107546024,0.06886448009058022,72075.84349089302,72661.78181453142,128
1d,1048576,2,packed,set,262216,16,64,55.18086965139446,,55.12618983516404,55.243493335410676,131072
1d,1048576,2,packed,random-get-sum,262216,28,608,9487.548823017278,,9470.3368631599,9585.530278855003,1024
1d,1048576,2,word-aligned,construct,262216,262216,262520,227471.3770020753,0.21693360996444255,227335.9423270449,227759.12657380104,32
1d,1048576,2,word-aligned,get,262216,28,64,43.71230311051022,,43.6445937168628,43.76824236373977,131072
1d,1048576,2,word-aligned,slice-copy,262216,131144,131336,3859.2938835790846,,3854.023930216499,3870.239197567571,2048
1d,1048576,2,word-aligned,gather,262216,136,2296,1653.574713600392,,1651.9265386705229,1653.8185718673049,4096
1d,1048576,2,word-aligned,iterate-sum,262216,28,321,4637770.471163094,4.422922583735556,4635833.436623216,4648917.005397379,2
1d,1048576,2,word-aligned,equal,262216,28,64,6670.979473710759,0.006361941789351233,6649.658189417096,6679.281341348542,1024
1d,1048576,2,word-aligned,count,262216,28,96,10562.987881712615,0.010073650247299781,10553.955235081958,10579.183708614437,512
1d,1048576,2,word-aligned,slice-view,262216,262288,192,60.181937655556794,,60.10564312930455,60.27443788525488,131072
1d,1048576,2,word-aligned,find,262216,28,185,69599.60956010036,0.06637536006937061,67660.15576431528,70652.01498335227,128
1d,1048576,2,word-aligned,set,262216,16,64,55.01937927476774,,54.96883481725945,55.226646367145804,131072
1d,1048576,2,word-aligned,random-get-sum,262216,28,608,9476.11511037394,,9464.558615945862,9496.826123722713,1024
matrix,1048576,2,python-list,get,9442856,28,64,38.53353192084796,,38.47726404160312,38.60568931202124,131072
matrix,1048576,2,python-list,row-copy,9442856,680,632,146.31588740599,,146.19319443909262,146.38709799896787,65536
matrix,1048576,2,python-list,count,9442856,28,560,9882250.102236867,9.424448110806338,9879708.057269454,9886792.162433267,1
matrix,1048576,2,python-list,equal,9442856,28,64,974296.8832142651,0.9291619140761043,974171.8822624534,980312.4994505197,8
matrix,1048576,2,python-list,construct,9442856,9442856,9442856,2751478.925347328,2.6240147832368166,2732583.5544615984,2854207.9962790012,2
matrix,1048576,2,python-list,set,9442856,16,64,46.08821946305852,,45.60343924708832,46.15306892219451,131072
matrix,1048576,2,numpy,get,1048704,25,88,83.77075033649817,,82.7223338717431,84.27366893215549,65536
matrix,1048576,2,numpy,row-copy,1048704,176,320,221.29693633132774,,220.96759266787558,221.7013275185309,32768
matrix,1048576,2,numpy,row-view,1048704,1048816,160,83.19854671867688,,83.02433585072322,83.24558820049788,65536
matrix,1048576,2,numpy,count,1048704,32,1048833,64181.96062440984,0.06120868742409691,64029.61662388407,64318.68678191677,128
matrix,1048576,2,numpy,equal,1048704,28,1049081,47645.187805755995,0.04543799191070175,42684.88919478841,49472.65551891178,128
matrix,1048576,2,numpy,construct,1048704,1048704,1572992,18257666.14638269,17.411867281325044,18236499.978229403,18266167.026013136,1
matrix,1048576,2,numpy,set,1048704,16,64,88.8735520732098,,88.70951617723222,89.21877991951987,65536
matrix,1048576,2,packed,get,262280,28,64,54.62805141576155,,54.36674399561525,54.7793721494827,131072
matrix,1048576,2,packed,row-copy,262280,88,224,76.76823443603098,,76.71737378700527,76.80701941126244,65536
matrix,1048576,2,packed,row-view,262280,262288,136,47.43988846200864,,47.40269510250528,47.66654981835927,131072
matrix,1048576,2,packed,count,262280,28,96,10542.724794504466,0.010054325861458269,10533.855856920127,10568.603556748712,512
matrix,1048576,2,packed,equal,262280,28,64,7951.782208692748,0.007583410462086437,7940.958994367975,7957.437674122048,1024
matrix,1048576,2,packed,construct,262280,262280,26149960,15490374.993532896,14.772772782833954,15336541.924625635,15786582.83688128,1
matrix,1048576,2,packed,set,262280,16,64,65.98250479328271,,65.6766889761684,66.03877267252756,131072
matrix,1048576,2,word-aligned,get,262280,28,64,54.82832321490605,,54.74376685299376,55.28195146098369,131072
matrix,1048576,2,word-aligned,row-copy,262280,88,224,78.80847263663782,,78.69021345641158,79.20202449440694,65536
matrix,1048576,2,word-aligned,row-view,262280,262288,136,47.368049038709614,,47.30764757709949,47.489486121321534,131072
matrix,1048576,2,word-aligned,count,262280,28,96,10543.865300860489,0.010055413533077706,10540.853509155568,10598.144399409648,512
matrix,1048576,2,word-aligned,equal,262280,28,64,7737.751957392902,0.007379295308487799,7720.621169937658,7788.330094626872,1024
matrix,1048576,2,word-aligned,construct,262280,262280,26149960,15301082.98175037,14.592249852896089,15182417.118921876,15401415.9925282,1
matrix,1048576,2,word-aligned,set,262280,16,64,65.99140256469127,,65.90016177199232,67.17109712894853,131072
ragged,1048576,2,python-list,get,9504376,28,64,38.522719236766534,,38.474084362860594,38.71091536211679,131072
ragged,1048576,2,python-list,row-copy,9504376,952,904,218.5796219578151,,218.16634898641496,219.06155467377175,32768
ragged,1048576,2,python-list,count,9504376,28,560,9904416.976496577,9.44558808946283,9711208.054795861,10009791.003540158,1
ragged,1048576,2,python-list,equal,9504376,28,64,1078723.9880301058,1.028751361875635,1075786.5093182772,1080510.3520397097,8
ragged,1048576,2,python-list,construct,9504376,9504376,9504376,2907062.5314489007,2.772390872429753,2848916.4542406797,2932145.493105054,2
ragged,1048576,2,python-list,set,9504376,16,64,45.801474612972015,,45.751892940870675,47.05333722654359,131072
ragged,1048576,2,numpy,get,1179400,25,120,124.36485619105042,,124.35150154033181,124.51553388359571,65536
ragged,1048576,2,numpy,row-copy,1179400,210,474,386.16687447756703,,385.8718855553889,386.779774430579,16384
ragged,1048576,2,numpy,row-view,1179400,1048800,280,237.68743773189271,,237.5424799083703,237.81966973501767,32768
ragged,1048576,2,numpy,count,1179400,32,1048833,64047.851992654614,0.061080791466383566,60818.35999793839,64077.79801520519,128
ragged,1048576,2,numpy,equal,1179400,28,1049761,47184.89071819931,0.04499901840038234,46370.765630854294,47747.39863933064,128
ragged,1048576,2,numpy,construct,1179400,1179400,1311259,26672624.982893467,25.436997397321193,26664916.891604662,26705541.18230939,1
ragged,1048576,2,numpy,set,1179400,16,120,131.0138699750496,,130.81488248189999,131.1384885127609,65536
ragged,1048576,2,packed,get,392816,28,64,55.34012537111721,,55.298173151641095,55.4141994513202,131072
ragged,1048576,2,packed,row-copy,392816,104,240,78.00293033710659,,77.85034128460211,80.02662710282493,65536
ragged,1048576,2,packed,row-view,392816,262288,136,47.895429844402315,,47.867141361734866,47.919273882257585,131072
ragged,1048576,2,packed,count,392816,28,96,10566.730452410411,0.010077219440851604,10547.283181949751,10604.00381902582,512
ragged,1048576,2,packed,equal,392816,28,64,10626.70889950823,0.010134419345386725,10610.67769114743,10656.900485628285,512
ragged,1048576,2,packed,construct,392816,392816,26805224,15063749.85910952,14.365911349401017,14948291.93688929,15673208.050429821,1
ragged,1048576,2,packed,set,392816,16,64,66.26319937197422,,66.13953296152886,66.33758431462411,131072
ragged,1048576,2,word-aligned,get,392816,28,64,55.272733945344044,,55.24349155905384,55.31406443992637,131072
ragged,1048576,2,word-aligned,row-copy,392816,104,240,83.04660070734826,,82.81390151410051,83.24050781993719,65536
ragged,1048576,2,word-aligned,row-view,392816,262288,136,47.69007233562661,,47.68085481998696,48.92349281249153,131072
ragged,1048576,2,word-aligned,count,392816,28,96,10547.607416810934,0.01005898229294866,10537.841717450647,10569.824098638492,512
ragged,1048576,2,word-aligned,equal,392816,28,64,10631.347777234623,0.010138843323931335,10598.876997391926,10835.529337782646,512
ragged,1048576,2,word-aligned,construct,392816,392816,26805224,14965707.901865244,14.27241125284695,14879958.00562203,15129958.046600223,1
ragged,1048576,2,word-aligned,set,392816,16,64,65.7040324369973,,65.47546327340115,65.80479450235543,131072
1d,1048576,5,python-list,construct,8389560,8389560,8388776,3207937.5814646482,3.0593276800772173,3207208.472304046,3214270.924217999,2
1d,1048576,5,python-list,get,8389560,28,64,34.28935979599146,,34.26234052028576,34.396171244566176,262144
1d,1048576,5,python-list,slice-copy,8389560,4195256,4194480,669395.7548122853,,668427.1211270243,681692.7634645253,8
1d,1048576,5,python-list,gather,8389560,3096,2312,3487.609887997678,,3482.1166536858073,3501.241167214175,2048
1d,1048576,5,python-list,iterate-sum,8389560,28,144,2528875.0184699893,2.41172315451621,2522104.070521891,2536958.4327563643,2
1d,1048576,5,python-list,equal,8389560,28,64,689640.6412124634,0.6576925670742639,689447.857439518,691479.1301824152,8
1d,1048576,5,python-list,count,8389560,28,96,9510291.973128915,9.069721196297564,9379999.94494021,9514833.10200274,1
1d,1048576,5,python-list,find,8389560,28,1048729,3920062.445104122,3.7384628726044866,3912562.5044107437,3930375.096388161,2
1d,1048576,5,python-list,set,8389560,16,64,44.219650163768165,,44.19168142533181,44.303261503841895,131072
1d,1048576,5,python-list,random-get-sum,8389560,28,608,7406.819349853322,,7397.460876745754,7419.0672876284225,1024
1d,1048576,5,python-bytes,construct,1048609,1048609,2097362,46649.08556151204,0.04448803478385166,42862.6335633453,49266.272981185466,128
1d,1048576,5,python-bytes,get,1048609,28,64,41.06617090826603,,40.84014904037758,41.12975382497552,131072
1d,1048576,5,python-bytes,slice-copy,1048609,524321,524441,9401.530178365647,,8747.354513616301,10090.08769869979,1024
1d,1048576,5,python-bytes,gather,1048609,3096,2312,5369.425707613118,,5295.2070745959645,5407.876869867323,1024
1d,1048576,5,python-bytes,iterate-sum,1048609,28,112,2574458.485469222,2.45519493624613,2554687.554948032,2579312.538728118,2
1d,1048576,5,python-bytes,equal,1048609,28,64,27442.707505542785,0.02617140532068518,27331.054297974333,27536.292691365816,256
1d,1048576,5,python-bytes,count,1048609,28,96,334736.9492985308,0.31923003129818994,332354.17504329234,342635.4378461838,16
1d,1048576,5,python-bytes,find,1048609,28,64,443304.6997291967,0.4227683064739196,441872.44202475995,450109.37901679426,16
1d,1048576,5,python-bytes,random-get-sum,1048609,28,608,9195.922984872595,,9191.7313511658,9216.755870511406,1024
1d,1048576,5,python-str,construct,1048617,1048617,1048681,59243.82094235625,0.056499310438495876,59207.031881669536,59377.2729189368,128
1d,1048576,5,python-str,get,1048617,28,64,46.20584093117941,,46.13176685097642,46.28181393684372,131072
1d,1048576,5,python-str,slice-copy,1048617,524329,524449,8495.523388774018,,8473.144589515869,8531.127832611674,1024
1d,1048576,5,python-str,gather,1048617,3096,2312,5325.764732333482,,5318.8066431175685,5347.615342543577,1024
1d,1048576,5,python-str,iterate-sum,1048617,28,256,10148833.971470594,9.678682300062746,10141707.956790924,10201874.887570739,1
1d,1048576,5,python-str,equal,1048617,28,64,27249.187041888945,0.025986849824799485,27227.375539951026,27430.66488619661,256
1d,1048576,5,python-str,count,1048617,28,96,343151.0704103857,0.32725436249769757,337364.6177351475,347947.9346424341,16
1d,1048576,5,python-str,find,1048617,28,113,441229.1891640052,0.42078894535446665,440338.5682962835,441612.00639791787,16
1d,1048576,5,python-str,random-get-sum,1048617,28,608,7664.10357755376,,7661.98741075641,7685.587888772716,1024
1d,1048576,5,numpy,construct,1048688,1048688,1049128,19077.147953794338,0.018193386033815706,18582.520169729833,19317.871192470193,256
1d,1048576,5,numpy,get,1048688,25,88,58.65351759837267,,58.613144560126784,58.7345816427387,131072
1d,1048576,5,numpy,slice-copy,1048688,524400,524600,9497.314522377565,,9288.696219300618,9550.862387186498,1024
1d,1048576,5,numpy,gather,1048688,368,416,311.294556354369,,311.03772357710113,311.5514459750557,16384
1d,1048576,5,numpy,iterate-sum,1048688,28,468,28680040.96671939,27.35141846343936,28537666.890770197,28911500.005051494,1
1d,1048576,5,numpy,equal,1048688,28,1049073,49549.15675625671,0.04725375819802924,49492.83538735472,49612.63221048284,128
1d,1048576,5,numpy,count,1048688,32,1048833,60830.40534576867,0.05801239523484103,60682.9362368444,60921.875046915375,128
1d,1048576,5,numpy,slice-view,1048688,1048800,216,96.16470464379745,,96.06678830209603,97.49922114110632,65536
1d,1048576,5,numpy,find,1048688,28,1048673,466841.1856982857,0.44521444864109583,460505.1799444482,470296.87266331166,16
1d,1048576,5,numpy,set,1048688,16,64,69.32353890931608,,69.29366236363421,69.52794606718271,131072
1d,1048576,5,numpy,random-get-sum,1048688,28,632,16103.595498861978,,16098.714695544913,16126.87128726975,512
1d,1048576,5,packed,construct,655432,655432,655736,277897.1247607842,0.26502335048750325,277268.22008844465,280994.78367948905,32
1d,1048576,5,packed,get,655432,28,64,44.20439125851772,,44.165297197196196,44.34871847536215,131072
1d,1048576,5,packed,slice-copy,655432,327752,327944,8762.08491717989,,8742.960972085712,8835.652351990575,1024
1d,1048576,5,packed,gather,655432,232,2392,1916.2192188559857,,1915.4867914039642,1918.6095983059204,4096
1d,1048576,5,packed,iterate-sum,655432,28,321,5740375.025197864,5.474448228071083,5589833.01743865,5786832.887679338,1
1d,1048576,5,packed,equal,655432,28,64,17213.787032233085,0.01641634658072766,16982.58392934804,17373.372884321725,512
1d,1048576,5,packed,count,655432,28,96,51622.39904166199,0.049230956117307656,51585.937399067916,51651.368266902864,128
1d,1048576,5,packed,slice-view,655432,655504,192,60.60314206024486,,60.56499479711874,60.73093494762816,131072
1d,1048576,5,packed,find,655432,28,185,578140.6216556206,0.5513578621441084,577387.9966000095,586911.4975212142,16
1d,1048576,5,packed,set,655432,16,64,54.89730803276416,,54.02850966618189,55.64117344647457,131072
1d,1048576,5,packed,random-get-sum,655432,28,608,9713.1346592505,,9711.017355584772,9748.9414656593,512
1d,1048576,5,word-aligned,construct,699128,699128,699432,222971.3718406856,0.21264207061832963,222489.59430726245,223399.75112117827,32
1d,1048576,5,word-aligned,get,699128,28,64,43.99394981646765,,43.959930806636294,44.02764197664055,131072
1d,1048576,5,word-aligned,slice-copy,699128,349600,349792,71225.25857994333,,71040.36740201991,72797.85131686367,128
1d,1048576,5,word-aligned,gather,699128,248,2408,1736.7148643643304,,1736.2876292281726,1740.6310917067458,4096
1d,1048576,5,word-aligned,iterate-sum,699128,28,321,4638666.519895196,4.42377712239761,4636832.978576422,4641957.930289209,2
1d,1048576,5,word-aligned,equal,699128,28,64,17841.553017206024,0.017015030877309822,17800.53707989282,17899.16996131069,512
1d,1048576,5,word-aligned,count,699128,28,96,27897.94871205231,0.02660555716710311,27867.023163707927,27949.378818448167,256
1d,1048576,5,word-aligned,slice-view,699128,699200,192,60.24964882556105,,60.21022791458108,60.35995525621729,131072
1d,1048576,5,word-aligned,find,699128,28,185,576739.5632574335,0.550021708733972,575106.8092649803,587145.8124602214,16
1d,1048576,5,word-aligned,set,699128,16,64,54.92877974688781,,54.896041490337666,55.06483446993116,131072
1d,1048576,5,word-aligned,random-get-sum,699128,28,608,9656.087058829144,,9650.634638092015,9680.134780865046,1024
matrix,1048576,5,python-list,get,9443640,28,64,38.67404174684452,,38.63557473948731,38.70550635554082,131072
matrix,1048576,5,python-list,row-copy,9443640,1296,632,146.14614940455795,,145.81553742232245,146.98663264312017,65536
matrix,1048576,5,python-list,count,9443640,28,560,10031833.08057487,9.567101555418844,10022707.981988788,10051624.849438667,1
matrix,1048576,5,python-list,equal,9443640,28,64,985437.5093709677,0.9397864431104352,976364.6230567247,1006656.2390420586,8
matrix,1048576,5,python-list,construct,9443640,9443640,9442856,2820499.9398440123,2.6898383520546076,2769854.5018211007,2898937.5568926334,2
matrix,1048576,5,python-list,set,9443640,16,64,45.64348543567576,,45.60820698884527,45.657799319087644,131072
matrix,1048576,5,numpy,get,1048704,25,88,83.1394189049206,,83.0529458539786,83.33143597383241,65536
matrix,1048576,5,numpy,row-copy,1048704,176,320,221.30841159651027,,221.1087632986164,221.4584284843113,32768
matrix,1048576,5,numpy,row-view,1048704,1048816,160,83.26022182814086,,83.23287659095513,84.6506651441814,65536
matrix,1048576,5,numpy,count,1048704,32,1048833,63736.328229424544,0.060783699254440826,63537.108871969394,64575.52262872923,128
matrix,1048576,5,numpy,equal,1048704,28,1049081,43106.118027935736,0.04110919764321874,42726.243918878026,44960.936065763235,128
matrix,1048576,5,numpy,construct,1048704,1048704,1572992,18337709.130719304,17.48820221969538,18289541.825652122,18385916.94831848,1
matrix,1048576,5,numpy,set,1048704,16,64,89.30523875960716,,89.05539061743184,89.51632679554677,65536
matrix,1048576,5,packed,get,655496,28,64,55.576965252157606,,55.49176762542629,55.708252233444,131072
matrix,1048576,5,packed,row-copy,655496,112,248,80.28349185451589,,80.26757924994854,80.32672127455953,65536
matrix,1048576,5,packed,row-view,655496,655504,136,47.40460823882131,,47.38680203786316,47.63380445638177,131072
matrix,1048576,5,packed,count,655496,28,96,51695.96079213079,0.049301110069399634,51575.19626663998,52600.256822188385,128
matrix,1048576,5,packed,equal,655496,28,64,19632.484509202186,0.018722996243669687,19582.847016863525,19661.621081468184,256
matrix,1048576,5,packed,construct,655496,655496,26149960,14868790.982291102,14.179984075823882,14768959.023058414,14971500.029787421,1
matrix,1048576,5,packed,set,655496,16,64,66.44980565795322,,66.35952054523386,66.53054818173132,131072
matrix,1048576,5,word-aligned,get,699192,28,64,55.27877711131168,,55.16878509581602,55.696807166327744,131072
matrix,1048576,5,word-aligned,row-copy,699192,120,256,91.43638735054083,,91.25137268028993,93.09451343142428,65536
matrix,1048576,5,word-aligned,row-view,699192,699200,136,47.25011493178499,,47.22818047753208,47.333395869486594,131072
matrix,1048576,5,word-aligned,count,699192,28,96,27902.83178910613,0.02661021403227437,27887.04659906216,27953.613425779622,256
matrix,1048576,5,word-aligned,equal,699192,28,64,19561.84769369429,0.01865563172692708,19277.832507214043,19628.093468782026,256
matrix,1048576,5,word-aligned,construct,699192,699192,26149960,14361542.18390584,13.696233924775925,14248959.021642804,14429000.206291676,1
matrix,1048576,5,word-aligned,set,699192,16,64,66.8369892764531,,66.7874004989244,67.03885624403938,131072
ragged,1048576,5,python-list,get,9497736,28,64,38.58406749657206,,38.51318375325263,38.6333471880107,131072
ragged,1048576,5,python-list,row-copy,9497736,1168,504,110.90850549067,,110.08580003135648,111.33511534922036,65536
ragged,1048576,5,python-list,count,9497736,28,560,10080541.94971919,9.613553952902976,10050582.932308316,10097709.018737078,1
ragged,1048576,5,python-list,equal,9497736,28,64,1102875.015931204,1.051783576899723,1098817.6509272307,1110984.361730516,8
ragged,1048576,5,python-list,construct,9497736,9497736,9496952,2864271.0531130433,2.7315817385797914,2851895.9879875183,2873125.020414591,2
ragged,1048576,5,python-list,set,9497736,16,64,45.60248534346556,,45.58054378378529,46.306290357733815,131072
ragged,1048576,5,numpy,get,1178488,25,120,124.07747007614489,,123.95858561831119,124.40364116628189,65536
ragged,1048576,5,numpy,row-copy,1178488,160,424,389.68146043316665,,389.64080317782646,390.8792791662563,16384
ragged,1048576,5,numpy,row-view,1178488,1048800,280,236.9664571233443,,236.93594641827076,237.36697585263755,32768
ragged,1048576,5,numpy,count,1178488,32,1048833,64011.717768153176,0.06104633118453329,63965.491790440865,64266.27260225359,128
ragged,1048576,5,numpy,equal,1178488,28,1049761,54591.7955605546,0.05206279331260166,54448.570153908804,54761.3908565836,128
ragged,1048576,5,numpy,construct,1178488,1178488,1309435,26674499.96806681,25.438785522524654,26663957.86218345,26844416.97783768,1
ragged,1048576,5,numpy,set,1178488,16,120,130.1021583799411,,129.8815313077739,130.33804435735874,65536
ragged,1048576,5,packed,get,785120,28,64,55.51750881238604,,55.404029808414634,55.81855866410024,131072
ragged,1048576,5,packed,row-copy,785120,104,240,78.32527160189784,,78.09829938310031,78.55732775396973,65536
ragged,1048576,5,packed,row-view,785120,655504,136,47.47836435115005,,47.46595827498368,47.48599380377527,131072
ragged,1048576,5,packed,count,785120,28,96,51687.82809050754,0.04929335412073854,51564.45149623323,51759.76548343897,128
ragged,1048576,5,packed,equal,785120,28,64,20833.00751110073,0.019867904196835262,20738.93392662285,20878.906070720404,256
ragged,1048576,5,packed,construct,785120,785120,26795976,15704958.001151681,14.977415085937196,15589916.845783591,16199541.976675391,1
ragged,1048576,5,packed,set,785120,16,64,66.09598557361096,,65.95992907421078,66.32678228868372,131072
ragged,1048576,5,word-aligned,get,828816,28,64,55.6475363566733,,55.61128979536534,56.11197728683237,131072
ragged,1048576,5,word-aligned,row-copy,828816,104,240,78.6609675174077,,78.44607807783177,78.77223140440037,65536
ragged,1048576,5,word-aligned,row-view,828816,699200,136,47.666862457163006,,47.582627615838646,47.759689536519545,131072
ragged,1048576,5,word-aligned,count,828816,28,96,27899.57397908438,0.026607107142528896,27858.886824105866,27949.218747380655,256
ragged,1048576,5,word-aligned,equal,828816,28,64,21748.69950977154,0.02074117613770632,21723.308236687444,21961.58948208904,256
ragged,1048576,5,word-aligned,construct,828816,828816,26795976,15437833.964824677,14.722665753197361,15261041.931807995,15843291.068449616,1
ragged,1048576,5,word-aligned,set,828816,16,64,65.89285206359818,,65.60516219167312,66.14717129593828,131072
1d,1048576,7,python-list,construct,8392248,8392248,8388776,3208895.4467326403,3.060241171581879,3201917.0466810465,3212125.040590763,2
1d,1048576,7,python-list,get,8392248,28,64,34.27267092348529,,34.09242665952661,34.31129425024437,262144
1d,1048576,7,python-list,slice-copy,8392248,4197944,4194480,687552.0048197359,,678583.3684261888,690073.0077177286,8
1d,1048576,7,python-list,gather,8392248,5392,2312,3462.2597695488366,,3456.2177688712836,3475.036692179856,2048
1d,1048576,7,python-list,iterate-sum,8392248,28,144,2531521.0223197937,2.4142465804288804,2526083.611883223,2532916.492782533,2
1d,1048576,7,python-list,equal,8392248,28,64,782875.0240150839,0.7466078033591117,782291.6377335787,786812.5103414059,8
1d,1048576,7,python-list,count,8392248,28,96,9461957.961320877,9.023626290627362,9459584.020078182,9483708.068728447,1
1d,1048576,7,python-list,find,8392248,28,1048729,3880937.467329204,3.701150386170582,3879291.9367551804,3896562.4989941716,2
1d,1048576,7,python-list,set,8392248,16,64,44.31438505037022,,44.24285826587493,44.331871507097276,131072
1d,1048576,7,python-list,random-get-sum,8392248,28,608,7418.783297907794,,7414.428864649381,7445.190476573771,1024
1d,1048576,7,python-bytes,construct,1048609,1048609,2097362,45835.609853384085,0.043712243893989644,45772.78014039621,47286.46126750391,128
1d,1048576,7,python-bytes,get,1048609,28,64,40.732063055770595,,40.69360315384074,40.87383942419365,131072
1d,1048576,7,python-bytes,slice-copy,1048609,524321,524441,9372.924751005485,,8869.669954947312,9487.873967373162,1024
1d,1048576,7,python-bytes,gather,1048609,5392,2312,5633.625960399513,,5347.900469132583,6911.8241299293,1024
1d,1048576,7,python-bytes,iterate-sum,1048609,28,112,2650166.512466967,2.5273957371396705,2550583.565607667,2678249.9626278877,2
1d,1048576,7,python-bytes,equal,1048609,28,64,27749.835680879187,0.026464305573348224,27464.843697089236,28053.386813553516,256
1d,1048576,7,python-bytes,count,1048609,28,96,334109.36885047704,0.31863152394340233,332958.37056357414,334484.37170591205,16
1d,1048576,7,python-bytes,find,1048609,28,64,423075.50029363483,0.4034762385307644,422742.1886753291,423950.4924044013,16
1d,1048576,7,python-bytes,random-get-sum,1048609,28,608,9198.36429602583,,9192.300922222785,9199.788109981455,1024
1d,1048576,7,python-str,construct,1048617,1048617,1048681,59394.204072305,0.05664272696714878,59314.45230089594,59626.30530120805,128
1d,1048576,7,python-str,get,1048617,28,64,46.357467198276936,,46.32886430044891,46.45315598850175,131072
1d,1048576,7,python-str,slice-copy,1048617,524329,524449,8712.484486750327,,8695.10836309928,8835.774451654288,1024
1d,1048576,7,python-str,gather,1048617,5392,2312,5273.518581816461,,5268.5957143694395,5282.307483867044,1024
1d,1048576,7,python-str,iterate-sum,1048617,28,256,10155958.123505116,9.685476420884243,10123125.044628978,10168500.011786819,1
1d,1048576,7,python-str,equal,1048617,28,64,27015.136765839998,0.02576364208778381,26983.398129232228,27058.26955207158,256
1d,1048576,7,python-str,count,1048617,28,96,346627.62482184917,0.3305698631494991,344093.75803079456,352796.88017908484,16
1d,1048576,7,python-str,find,1048617,28,113,422979.1957186535,0.4033843953310523,422833.3127684891,436669.24466378987,16
1d,1048576,7,python-str,random-get-sum,1048617,28,608,7704.752761128475,,7690.144684602274,7791.870302753523,1024
1d,1048576,7,numpy,construct,1048688,1048688,1049128,18830.238332157023,0.017957914669186614,18618.487956700847,19595.375306380447,256
1d,1048576,7,numpy,get,1048688,25,88,58.67767249867484,,58.64334085003975,58.76795228232368,131072
1d,1048576,7,numpy,slice-copy,1048688,524400,524600,9380.004939885112,,9253.215011995053,9635.78327173309,1024
1d,1048576,7,numpy,gather,1048688,368,416,316.15698503628664,,304.75867163204384,325.8540033357349,16384
1d,1048576,7,numpy,iterate-sum,1048688,28,468,28730333.084240556,27.39938076423698,28646875.17285347,29066666.029393673,1
1d,1048576,7,numpy,equal,1048688,28,1049073,46162.42949850857,0.04402392339564187,46055.66573445685,46309.243771247566,128
1d,1048576,7,numpy,count,1048688,32,1048833,63799.15612342302,0.060843616603301065,63736.65564751718,63976.562159950845,128
1d,1048576,7,numpy,slice-view,1048688,1048800,216,96.20222485295926,,96.11192197667151,97.0497104901824,65536
1d,1048576,7,numpy,find,1048688,28,1048673,442559.9327078089,0.42205804129391566,440135.36535203457,450179.6793192625,16
1d,1048576,7,numpy,set,1048688,16,64,69.48725150834889,,69.41509234081877,70.19870018609708,131072
1d,1048576,7,numpy,random-get-sum,1048688,28,632,16114.419850055128,,16088.867596408818,16121.988210215932,512
1d,1048576,7,packed,construct,917576,917576,917880,310259.12176119164,0.2958861558544079,309949.2168985307,310623.6908934079,32
1d,1048576,7,packed,get,917576,28,64,43.87060670296705,,43.7453540058641,44.69267267381838,131072
1d,1048576,7,packed,slice-copy,917576,458824,459016,12043.29464599141,,12013.103514618706,12229.328149260255,512
1d,1048576,7,packed,gather,917576,296,2456,2118.957524999132,,2096.4355371688725,2134.389148977789,4096
1d,1048576,7,packed,iterate-sum,917576,28,321,5816332.995891571,5.54688739384801,5811124.807223678,5997957.894578576,1
1d,1048576,7,packed,equal,917576,28,64,23906.09006397426,0.0227986240997069,23775.23105678847,24259.116798930336,256
1d,1048576,7,packed,count,917576,28,96,52259.43823461421,0.04983848403417035,51992.18685447704,52391.92978478968,128
1d,1048576,7,packed,slice-view,917576,917648,192,61.01608285291604,,60.15396181169308,62.116303212178536,131072
1d,1048576,7,packed,find,917576,28,185,266509.12332115695,0.25416290599933333,265747.37421469763,275542.9668468423,32
1d,1048576,7,packed,set,917576,16,64,54.78191233976304,,54.745674660239274,54.96470656396468,131072
1d,1048576,7,packed,random-get-sum,917576,28,608,9947.429589374224,,9939.126812241739,9968.914127966855,512
1d,1048576,7,word-aligned,construct,932144,932144,932448,232391.90340973437,0.2216261896226257,232318.99831444025,233085.93517867848,32
1d,1048576,7,word-aligned,get,932144,28,64,44.72796710786042,,44.70475722939682,44.850990477129926,131072
1d,1048576,7,word-aligned,slice-copy,932144,466112,466304,95985.02947483212,,95738.27992426232,96480.4676186759,64
1d,1048576,7,word-aligned,gather,932144,304,2464,1790.0593434205803,,1788.1367284644512,1794.026843526808,4096
1d,1048576,7,word-aligned,iterate-sum,932144,28,321,4972646.01290226,4.742284787084827,4970083.478838205,4980479.017831385,2
1d,1048576,7,word-aligned,equal,932144,28,64,23948.894522618502,0.022839445612543585,23846.68005106505,24025.55401204154,256
1d,1048576,7,word-aligned,count,932144,28,96,37184.89460879937,0.03546227894668519,37106.28152475692,37329.42514034221,256
1d,1048576,7,word-aligned,slice-view,932144,932216,192,60.53384282722618,,60.306861726644456,60.819946412493664,131072
1d,1048576,7,word-aligned,find,932144,28,185,264761.7147886194,0.25249644736158317,260998.69137397036,272924.5024966076,32
1d,1048576,7,word-aligned,set,932144,16,64,55.15734713412712,,55.12237599702985,55.30452718005563,131072
1d,1048576,7,word-aligned,random-get-sum,932144,28,608,9810.384653974324,,9806.47882897756,9814.533314056462,512
matrix,1048576,7,python-list,get,9446328,28,64,39.86518137821804,,39.842918297949836,39.90650299101617,131072
matrix,1048576,7,python-list,row-copy,9446328,1968,632,146.31208600235368,,146.18936461374687,147.34332154375807,65536
matrix,1048576,7,python-list,count,9446328,28,560,10045750.066637993,9.580373827589028,9994291.933253407,10066583.05414021,1
matrix,1048576,7,python-list,equal,9446328,28,64,978552.1251615137,0.9332200290312898,977166.7537279427,980416.6038520634,8
matrix,1048576,7,python-list,construct,9446328,9446328,9442856,2914853.976108134,2.7798213730889643,2848729.0255725384,4600271.000526845,2
matrix,1048576,7,python-list,set,9446328,16,64,45.543350424281925,,45.51156607135454,45.63999134177266,131072
matrix,1048576,7,numpy,get,1048704,25,88,83.17439181837472,,83.14578536783301,83.21254085785768,65536
matrix,1048576,7,numpy,row-copy,1048704,176,320,221.20922693602552,,221.05026431518127,221.26135235112088,32768
matrix,1048576,7,numpy,row-view,1048704,1048816,160,83.59208791830497,,83.47511126771678,83.7160776256951,65536
matrix,1048576,7,numpy,count,1048704,32,1048833,64097.6559225237,0.06112828819515581,64075.522459461354,64212.23406505305,128
matrix,1048576,7,numpy,equal,1048704,28,1049081,49437.49991070945,0.04714727393217988,49373.69521940127,49496.09319737647,128
matrix,1048576,7,numpy,construct,1048704,1048704,1572992,18330707.913264632,17.481525338425286,18249084.008857608,18389957.956969738,1
matrix,1048576,7,numpy,set,1048704,16,64,89.0166020894867,,88.9740014997642,89.32051187571233,65536
matrix,1048576,7,packed,get,917640,28,64,55.58649363024415,,55.56011117846538,55.837309886896946,131072
matrix,1048576,7,packed,row-copy,917640,128,264,80.34005816170975,,80.31146236930908,80.3960240602919,65536
matrix,1048576,7,packed,row-view,917640,917648,136,47.745384534891855,,47.54225102487908,48.07535525230833,131072
matrix,1048576,7,packed,count,917640,28,96,51657.88206795696,0.049264795368153536,51573.24267202057,51739.25819690339,128
matrix,1048576,7,packed,equal,917640,28,64,27485.680220706854,0.026212387295443396,27432.129172666464,27659.66837614542,256
matrix,1048576,7,packed,construct,917640,917640,26149960,17226665.979251266,16.428628901721254,16640166.98487103,17435208.19582045,1
matrix,1048576,7,packed,set,917640,16,64,65.51583986436071,,65.43128172609158,66.00284585545069,131072
matrix,1048576,7,word-aligned,get,932208,28,64,55.4307320044245,,55.41293290889371,55.5114745282026,131072
matrix,1048576,7,word-aligned,row-copy,932208,136,272,87.49961821763463,,87.43731783056319,87.68463288788553,65536
matrix,1048576,7,word-aligned,row-view,932208,932216,136,47.614411968766035,,47.59534455445191,47.64144101443435,131072
matrix,1048576,7,word-aligned,count,932208,28,96,37152.83219207777,0.03543170184333588,37114.746191946324,37248.047192406375,256
matrix,1048576,7,word-aligned,equal,932208,28,64,27844.074793392792,0.026554178994553368,27598.79680525046,28079.100957256742,256
matrix,1048576,7,word-aligned,construct,932208,932208,26149960,16077291.91891849,15.332500380438319,15688334.126025438,16259999.945759773,1
matrix,1048576,7,word-aligned,set,932208,16,64,66.1255583622733,,66.03114321990233,66.25302795271182,131072
ragged,1048576,7,python-list,get,9504992,28,64,38.61427444462606,,38.58502850562218,38.68770726001003,131072
ragged,1048576,7,python-list,row-copy,9504992,128,136,60.34692390244345,,59.986748013329816,60.42671252259879,131072
ragged,1048576,7,python-list,count,9504992,28,560,10012374.958023429,9.54854484369605,10006540.920585394,10048374.999314547,1
ragged,1048576,7,python-list,equal,9504992,28,64,1125390.6413912773,1.0732561506188176,1112744.736019522,1147750.0083856285,8
ragged,1048576,7,python-list,construct,9504992,9504992,9501520,2859041.4440259337,2.7265943947085702,2849646.029062569,2880687.4761357903,2
ragged,1048576,7,python-list,set,9504992,16,64,45.58817323641051,,45.57132804450248,45.67559130919108,131072
ragged,1048576,7,numpy,get,1178960,25,120,123.80344927009901,,123.71761926033287,125.89454811973155,65536
ragged,1048576,7,numpy,row-copy,1178960,114,378,384.30786730714317,,384.1400086912472,385.74982852424,16384
ragged,1048576,7,numpy,row-view,1178960,1048800,280,237.28814824153233,,234.2452987136312,239.67614737330223,32768
ragged,1048576,7,numpy,count,1178960,32,1048833,63984.05457730405,0.06101994950991063,63950.523326639086,64191.72677851748,128
ragged,1048576,7,numpy,equal,1178960,28,1049761,47358.39866043534,0.04516448846858534,47272.46050606482,47728.84494741447,128
ragged,1048576,7,numpy,construct,1178960,1178960,1310379,26726957.876235247,25.488813282237288,26719457.93554187,26942667.085677385,1
ragged,1048576,7,numpy,set,1178960,16,120,130.6928112398964,,130.6387638067008,131.16900632326178,65536
ragged,1048576,7,packed,get,1047736,28,64,55.81537543264403,,55.77691730707102,55.97686758562759,131072
ragged,1048576,7,packed,row-copy,1047736,80,216,73.59504827775254,,73.45676422687575,74.24196013516848,131072
ragged,1048576,7,packed,row-view,1047736,917648,136,47.61760052929276,,47.529853830496904,47.70183537061712,131072
ragged,1048576,7,packed,count,1047736,28,96,51643.22647033259,0.04925081870110759,51538.41448191088,51725.58667254634,128
ragged,1048576,7,packed,equal,1047736,28,64,26821.128813026007,0.025578621686006553,26795.08634173544,26863.444873015396,256
ragged,1048576,7,packed,construct,1047736,1047736,26800760,17647416.796535254,16.829888149771932,17385999.904945493,17769207.945093513,1
ragged,1048576,7,packed,set,1047736,16,64,68.06182817342687,,64.9595275348247,68.60097556682376,131072
ragged,1048576,7,word-aligned,get,1062304,28,64,56.53985546416607,,56.49884826652851,56.66033153772787,131072
ragged,1048576,7,word-aligned,row-copy,1062304,80,216,78.9635912212816,,78.62091067067922,79.23825151578967,65536
ragged,1048576,7,word-aligned,row-view,1062304,932216,136,47.639206357530384,,47.57086102813446,47.737122699231804,131072
ragged,1048576,7,word-aligned,count,1062304,28,96,37342.93386514764,0.03561299692644848,37272.94915734092,37362.14057425968,256
ragged,1048576,7,word-aligned,equal,1062304,28,64,27532.715648703743,0.026257243775085204,27472.167857922614,27680.015591613483,256
ragged,1048576,7,word-aligned,construct,1062304,1062304,26800760,16506667.016074061,15.741984382700025,16407334.012910724,16931792.022660375,1
ragged,1048576,7,word-aligned,set,1062304,16,64,66.63513119065101,,65.78667566259355,67.62695470285962,131072
